date,id,line,temperature,strain,warning,prediction
2021-07-22 14.00.00.000,8,7DI,26.0490086425307,402.033319394286,2,335.515977171323
2021-07-22 14.30.00.000,8,7DI,26.5905735223736,417.224929253518,2,342.632979174818
2021-07-22 15.00.00.000,8,7DI,27.1424435813459,416.476542805182,2,349.88540720618
2021-08-13 00.00.00.000,1,1DI,19.4208795412666,303.314681209052,2,235.348923910965
2021-08-14 13.30.00.000,8,7DI,25.9258542715032,393.478337648608,2,333.897537833831
2021-08-14 14.00.00.000,8,7DI,26.5049427364941,416.447075802674,2,341.507657911662
2021-08-15 14.00.00.000,8,7DI,27.1631481336826,424.525496098459,2,350.157497118111
2021-08-17 06.30.00.000,19,3SI,19.9472017316829,300.731108008166,2,235.372771699846
2021-08-17 07.00.00.000,19,3SI,21.8758095187264,322.131555357289,2,259.539119416321
2021-08-18 05.30.00.000,1,1DI,15.9258322122265,260.406330162634,2,192.02627872049
2021-08-18 05.30.00.000,19,3SI,16.8134739650524,261.415719017224,2,196.105713168855
2021-08-18 06.00.00.000,1,1DI,16.12633920164,263.235889696401,2,194.511650832163
2021-08-18 06.00.00.000,19,3SI,18.6465336698108,283.306809679212,2,219.074799215198
2021-08-18 06.30.00.000,1,1DI,16.3247943954734,266.818848155736,2,196.971590037338
2021-08-28 01.30.00.000,2,1DI,15.7557639219975,269.590593115418,2,187.075477319835
2021-09-29 08.00.00.000,20,2SI,13.4482924356745,242.26973219944,2,154.495639175193
2021-09-29 08.30.00.000,20,2SI,13.1556674712827,263.384529440764,2,150.936260670753
2021-09-29 08.30.00.000,19,3SI,16.9490205499355,269.970935078723,2,197.804174579242
2021-09-29 09.00.00.000,20,2SI,13.6896599663647,277.918486791714,2,157.431541797834
2021-09-29 09.00.00.000,16,6SI,14.8467946903334,237.648978527711,2,157.765343839481
2021-09-29 09.30.00.000,20,2SI,15.9498666491999,283.484236593946,2,184.923834190579
2021-09-29 10.00.00.000,20,2SI,18.210073332032,283.768843026071,2,212.416126583284
2021-10-23 09.30.00.000,21,1SI,3.0164592485195,82.0691282194205,2,4.45977631985847
2021-10-23 10.00.00.000,21,1SI,3.58071897289368,107.474397134194,2,10.6766615292892
2021-10-23 10.30.00.000,21,1SI,4.45090781607321,128.248207998989,2,20.2642041357983
2021-10-27 10.00.00.000,22,1SI,9.65572522528626,185.80164680394,2,105.724910751381
2022-04-01 17.00.00.000,15,7SI,-0.754281795705761,40.6448983562838,2,-19.6546142995385
2022-04-01 17.30.00.000,15,7SI,-0.936306031450697,36.2803983774239,2,-21.966323133147
2022-04-02 06.30.00.000,15,7SI,-1.75926422393866,28.9665944614031,2,-32.4178968781442
2022-04-02 07.00.00.000,15,7SI,-0.0710663197551504,57.8516953972072,2,-10.9777738527188
2022-04-02 07.30.00.000,15,7SI,2.78781088356737,94.4591110756916,2,25.3299829582127
2022-04-02 08.00.00.000,15,7SI,5.72274852960171,129.186097111261,2,62.6037078260105
2022-04-03 06.00.00.000,15,7SI,-3.40371981430125,19.2776344146226,2,-53.3024922682058
2022-04-03 06.00.00.000,19,3SI,-2.20075272867242,19.172354150578,2,-42.1513429974612
2022-04-03 06.30.00.000,15,7SI,-1.80940880792517,43.4983813532968,2,-33.0547333811782
2022-04-03 06.30.00.000,19,3SI,-0.969067612277286,37.9696966841388,2,-26.7177587301074
2022-04-03 07.00.00.000,15,7SI,0.79148345573406,72.7484687813138,2,-0.0233867774748155
2022-04-03 07.00.00.000,19,3SI,0.996342167810214,62.2784043245841,2,-2.09026501674607
2022-04-03 07.30.00.000,15,7SI,3.89472766261877,104.947814346143,2,39.3878323744207
2022-04-04 06.00.00.000,15,7SI,-1.79463119337558,30.8528585977771,2,-32.8670575919947
2022-04-04 06.30.00.000,15,7SI,0.454346013079007,56.2901928702139,2,-4.30503422478496
2022-04-04 07.00.00.000,15,7SI,2.69863696391296,87.8400416902458,2,24.1974736692768
2022-04-04 07.30.00.000,15,7SI,5.62072509790181,122.631808272546,2,61.3080096607057
2022-04-05 06.00.00.000,15,7SI,-1.04784843203736,43.0347137711998,2,-23.3829122576822
2022-04-05 06.30.00.000,15,7SI,1.28385255140306,72.4721331808094,2,6.22970354973201
2022-04-06 06.30.00.000,15,7SI,5.07154212055754,114.340903601288,2,54.3333827117253
2022-04-10 06.00.00.000,15,7SI,0.323800034997827,59.5364058170302,2,-5.9629688920411
2022-04-10 06.30.00.000,15,7SI,2.58316212575186,91.5896708691434,2,22.7309425650859
2022-04-10 07.00.00.000,15,7SI,5.72434797662011,128.044786261531,2,62.6240208122795
2022-04-10 07.30.00.000,15,7SI,8.82682480737697,167.307692754422,2,102.025494282968
2022-04-11 06.00.00.000,15,7SI,2.40865832590651,84.9786728843705,2,20.5147433103558
2022-04-11 06.30.00.000,15,7SI,5.00247189467317,117.193212622246,2,53.4561904484929
2022-04-11 07.00.00.000,15,7SI,8.15848564145454,152.109018961808,2,93.5375830584741
2022-04-26 14.30.00.000,7,6DI,16.4235147362425,273.047077419603,2,201.306067018746
2022-04-26 15.00.00.000,7,6DI,16.0773943318402,262.878055138068,2,196.822226457455
2022-04-27 05.00.00.000,15,7SI,5.27278290109072,117.086868132915,2,56.8891417739016
2022-04-27 05.30.00.000,15,7SI,7.09802557890694,140.937033930207,2,80.069734207206
2022-04-27 13.30.00.000,8,7DI,15.2634794851142,258.702104389774,2,193.777405341584
2022-04-27 14.00.00.000,8,7DI,16.0886877119418,281.238957018258,2,204.62192060139
2022-04-27 14.30.00.000,7,6DI,16.0633314439621,271.770483808569,2,196.640047810156
2022-04-28 13.30.00.000,8,7DI,16.9734629928283,282.510404971813,2,216.249239286712
2022-04-28 14.00.00.000,8,7DI,17.5742260435423,299.003017249799,2,224.144197018826
2022-04-28 14.30.00.000,8,7DI,18.7666523873687,305.586961037723,2,239.814527562588
2022-04-29 14.00.00.000,8,7DI,17.9194712539899,290.345569865139,2,228.681254250389
2022-05-01 12.30.00.000,8,7DI,15.5009343992532,260.488473332953,2,196.89793099339
2022-05-01 13.00.00.000,8,7DI,16.0163655036198,283.661548101736,2,203.671494677032
2022-05-01 13.30.00.000,8,7DI,17.6512434386639,303.547057243444,2,225.156324975763
2022-05-02 14.30.00.000,8,7DI,19.7630052920527,316.10823300258,2,252.908149181627
2022-05-04 14.00.00.000,7,6DI,16.5190125142257,271.575683112664,2,202.543199545428
2022-05-26 14.00.00.000,7,6DI,21.9629719762308,352.456665109807,2,273.067346458735
2022-05-26 14.30.00.000,7,6DI,22.5425384475002,372.165308915856,2,280.575380133691
2022-05-26 15.00.00.000,7,6DI,23.4081484170259,372.638740135139,2,291.788983961293
2022-05-29 16.00.00.000,15,7SI,17.87445951329,273.683492101358,2,216.930506724447
2022-05-29 16.30.00.000,15,7SI,17.5879466117932,270.425805058683,2,213.291791238994
2022-06-10 14.00.00.000,7,6DI,21.974810466006,353.455214248984,2,273.220708987969
2022-06-10 14.30.00.000,7,6DI,22.5273470695611,384.065717086588,2,280.378582384357
2022-06-10 15.00.00.000,7,6DI,23.7453958912259,400.105696225014,2,296.157879538607
2022-06-10 15.30.00.000,7,6DI,24.5107412533942,408.961423133657,2,306.072598620863
2022-06-10 16.00.00.000,7,6DI,25.2760866155624,413.125032451059,2,315.987317703119
2022-06-10 16.30.00.000,7,6DI,26.0414319777307,414.113077644694,2,325.902036785375
2022-06-10 17.00.00.000,7,6DI,26.8067773398989,405.258431533884,2,335.816755867632
2022-06-11 14.00.00.000,7,6DI,24.5433242930678,386.166951358819,2,306.494697847146
2022-06-11 14.30.00.000,7,6DI,24.7711508357098,415.434729880788,2,309.446092448111
2022-06-11 15.00.00.000,7,6DI,24.9013476118802,434.137137279098,2,311.132735531029
2022-06-11 15.30.00.000,7,6DI,25.0274944554085,444.154094110476,2,312.766913483259
2022-06-11 16.00.00.000,7,6DI,25.1536412989385,448.834654548843,2,314.40109143551
2022-06-11 16.30.00.000,7,6DI,25.2797881424652,446.914867115923,2,316.035269387719
2022-06-11 17.00.00.000,7,6DI,25.4059349859952,436.813148591332,2,317.66944733997
2022-06-11 17.30.00.000,7,6DI,25.5320818295252,416.887972483052,2,319.303625292221
2022-06-11 18.00.00.000,7,6DI,25.6582286730535,394.334909640537,2,320.937803244451
2022-06-26 17.00.00.000,14,8SI,23.0740225615926,279.985869286611,2,221.440894679451
2022-06-29 14.00.00.000,7,6DI,21.6232057873097,357.058997555326,2,268.665822018504
2022-06-29 14.30.00.000,7,6DI,22.5664743778301,389.659624280116,2,280.885459787824
2022-06-29 15.00.00.000,7,6DI,22.7160414603436,405.495362306647,2,282.823036835227
2022-06-29 15.30.00.000,7,6DI,24.8352014019921,416.583113047077,2,310.275839910026
2022-06-29 16.00.00.000,7,6DI,26.9543613436438,422.30383432939,2,337.728642984867
2022-07-01 16.00.00.000,7,6DI,26.6552259370703,406.469618581594,2,333.853472806361
2022-07-01 18.00.00.000,8,7DI,26.2568810922969,399.540629817042,2,338.247743385348
2022-07-01 18.30.00.000,8,7DI,25.1828803991836,385.333314834497,2,324.133709464134
2022-07-02 14.30.00.000,7,6DI,24.0446153398408,384.426136574103,2,300.034138445513
2022-07-02 15.00.00.000,7,6DI,24.5304557497085,399.619271085304,2,306.32799141798
2022-07-02 15.30.00.000,7,6DI,26.3700982711606,401.555174172958,2,330.159766866776
2022-07-08 14.30.00.000,7,6DI,26.5903961500347,400.050161685025,2,333.013630875654
2022-07-08 15.00.00.000,7,6DI,27.1238385614979,420.017563293424,2,339.924147248596
2022-07-08 15.30.00.000,7,6DI,27.3952277702991,419.478758812889,2,343.439877401577
2022-07-08 16.00.00.000,7,6DI,27.6601251578828,418.704423019839,2,346.871508810534
2022-07-08 16.30.00.000,7,6DI,27.9250225454649,417.930087226817,2,350.303140219471
2022-07-08 16.30.00.000,8,7DI,34.9655432355161,513.354217852457,2,452.693063286859
2022-07-15 05.30.00.000,19,3SI,20.5638802330692,310.411338450103,2,243.100038588372
2022-07-15 06.00.00.000,16,6SI,22.3520926312136,319.653909156086,2,246.53130676374
2022-07-15 06.00.00.000,18,4SI,23.7789692322989,335.895328239782,2,262.207470719068
2022-07-15 06.00.00.000,19,3SI,23.8710434333003,359.101663058069,2,284.54032333099
2022-07-15 06.30.00.000,20,2SI,22.0865014043515,320.39977111655,2,259.567519777983
2022-07-16 14.30.00.000,7,6DI,29.5909123814246,458.526680472726,2,371.884024565244
2022-07-16 15.00.00.000,7,6DI,30.8885668867796,464.823293452355,2,388.694579018686
2022-07-17 03.30.00.000,11,9DI,20.2120188275985,300.259590219628,2,229.351251051666
2022-07-17 05.00.00.000,18,4SI,19.1269603675784,283.485952357198,2,208.719605999214
2022-07-17 05.00.00.000,14,8SI,20.7003554716513,247.851623427932,2,196.517521434831
2022-07-17 05.30.00.000,18,4SI,20.6358158187086,305.224311267543,2,226.068123295455
2022-07-17 05.30.00.000,19,3SI,20.9019411766524,312.15204729426,2,247.336098593354
2022-07-17 14.00.00.000,7,6DI,28.3632227473789,424.120834168095,2,355.97983484457
2022-07-17 14.30.00.000,7,6DI,27.8423425437946,444.966467901465,2,349.232056456764
2022-07-17 15.00.00.000,7,6DI,28.3611134975616,450.207133108919,2,355.952510422883
2022-07-17 15.30.00.000,7,6DI,28.8874158736354,460.55358610787,2,362.77053071677
2022-07-17 16.00.00.000,7,6DI,29.4137182497077,459.101538334037,2,369.588551010637
2022-07-17 16.30.00.000,7,6DI,29.9400206257815,455.145021567632,2,376.406571304525
2022-07-17 17.00.00.000,7,6DI,30.4663230018553,450.534532713769,2,383.224591598412
2022-07-18 05.00.00.000,18,4SI,19.8865258345266,289.109154961471,2,217.452937367111
2022-07-18 05.00.00.000,11,9DI,20.3297839009681,305.571019911482,2,230.724718783568
2022-07-18 05.30.00.000,17,5SI,18.5372906003434,285.550281097508,2,202.890155609055
2022-07-18 05.30.00.000,16,6SI,19.2930697756789,285.448859687285,2,210.351915683229
2022-07-18 05.30.00.000,18,4SI,20.7559746622154,308.802533295658,2,227.449685573877
2022-07-18 05.30.00.000,19,3SI,21.2539728778354,317.294777065595,2,251.747218653723
2022-07-18 06.00.00.000,18,4SI,22.9963529446682,327.019422421304,2,253.209105639026
2022-07-18 14.30.00.000,7,6DI,29.7642978394083,443.922022052594,2,374.130158394273
2022-07-18 15.00.00.000,7,6DI,30.0945414202273,445.615580096175,2,378.408321553532
2022-07-21 05.00.00.000,11,9DI,18.3982051501596,278.928163892096,2,208.197147493082
2022-07-21 05.00.00.000,14,8SI,18.6882833059268,226.827752843635,2,175.390874908041
2022-07-23 02.00.00.000,11,9DI,20.5085460631827,303.886572509285,2,232.809581930694
2022-07-23 02.30.00.000,11,9DI,20.2712222312935,301.560208126844,2,230.041727117849
2022-07-23 04.30.00.000,11,9DI,19.0199573670932,287.442638550419,2,215.448504646461
2022-07-23 05.00.00.000,11,9DI,18.8088268505501,288.181540098734,2,212.986136616666
2022-07-23 07.30.00.000,18,4SI,19.7426762306078,290.048766599746,2,215.798983477908
2022-07-24 05.30.00.000,18,4SI,21.0339113387052,302.979537707604,2,230.645345725239
2022-07-24 14.30.00.000,7,6DI,29.5893366371705,450.656966128904,2,371.863611478032
2022-07-24 15.00.00.000,7,6DI,30.1968294378719,447.104972989179,2,379.733418706476
2022-07-26 05.30.00.000,18,4SI,21.2365972862372,312.37075542929,2,232.975788090563
2022-07-27 06.30.00.000,17,5SI,18.7241366866561,290.127737103858,2,204.941975514973
2022-07-27 06.30.00.000,18,4SI,20.5372206470664,308.703314952982,2,224.934495790395
2022-07-27 06.30.00.000,19,3SI,21.9684277888646,322.728321809154,2,260.699669184964
2022-07-27 14.30.00.000,7,6DI,28.6190380055559,428.364764668885,2,359.29381118408
2022-07-28 07.30.00.000,18,4SI,24.0132908158685,336.763517408788,2,264.90165328135
2022-07-28 16.30.00.000,13,9SI,20.0291201896426,272.987598951393,2,209.036467461532
2022-07-30 04.30.00.000,14,8SI,14.1615263661247,187.603718915223,2,127.860177247676
2022-07-30 05.00.00.000,15,7SI,13.9134456436311,225.771055460819,2,166.625607956091
2022-07-30 05.00.00.000,14,8SI,14.5822066013224,199.417446392041,2,132.277296464982
2022-07-30 06.00.00.000,19,3SI,17.8709195514529,276.611477667463,2,209.355995524802
2022-07-30 06.30.00.000,19,3SI,20.9792788762857,310.20590461387,2,248.305175745011
2022-07-31 05.30.00.000,19,3SI,17.7841884370744,273.935941629679,2,208.269214541137
2022-07-31 06.00.00.000,19,3SI,20.2894712547756,309.104298097163,2,239.661567152906
2022-08-01 05.30.00.000,19,3SI,18.5208048986361,291.285375779877,2,217.499359552148
2022-08-01 05.30.00.000,18,4SI,19.1233987507889,287.32142653417,2,208.67865524384
2022-08-01 05.30.00.000,15,7SI,19.503799741946,295.176625225954,2,237.623136934503
2022-08-01 06.00.00.000,19,3SI,21.1306171240913,327.237037682803,2,250.201513996801
2022-08-01 14.00.00.000,7,6DI,28.1718355808615,423.344271052757,2,353.500496645416
2022-08-01 14.30.00.000,7,6DI,28.8719623160017,441.29660220561,2,362.570336542567
2022-08-02 14.30.00.000,7,6DI,27.8385768149906,420.590472773732,2,349.183273064224
2022-08-03 05.30.00.000,19,3SI,18.800990682526,286.009396494858,2,221.010217034
2022-08-03 06.00.00.000,19,3SI,21.1598830750773,313.540497609686,2,250.568229900642
2022-08-04 05.30.00.000,18,4SI,19.7661526520486,289.831750727535,2,216.068910662194
2022-08-06 06.00.00.000,19,3SI,16.9962136450602,263.522747630528,2,198.395525891967
2022-08-06 06.30.00.000,20,2SI,17.4700318368929,265.630503804389,2,203.414543975094
2022-08-06 13.30.00.000,8,7DI,25.7584627835314,401.191138638205,2,331.69775420752
2022-08-06 14.00.00.000,8,7DI,26.5190456284504,417.119723444501,2,341.692991772929
2022-08-06 14.30.00.000,8,7DI,27.2709037863662,429.292515923771,2,351.573573426936
2022-08-06 15.00.00.000,8,7DI,28.022761944282,443.077093632187,2,361.454155080943
2022-08-06 15.30.00.000,8,7DI,28.7746201021962,448.502304950209,2,371.334736734929
2022-08-07 06.30.00.000,16,6SI,21.1450934954356,305.775506452357,2,232.255998657382
2022-08-07 06.30.00.000,18,4SI,22.0020648935851,318.130515471309,2,241.776981084789
2022-08-08 05.30.00.000,19,3SI,14.5124323195121,233.011598692666,2,167.272596923141
2022-08-08 05.30.00.000,18,4SI,14.7953454066626,234.870399338853,2,158.915566113344
2022-08-08 05.30.00.000,14,8SI,15.3132904643124,194.251058851184,2,139.953636617159
2022-08-08 06.00.00.000,16,6SI,15.7114553686146,239.96282113592,2,167.991778328153
2022-08-08 06.00.00.000,18,4SI,17.0811789419388,262.803674231467,2,185.197621556999
2022-08-08 06.00.00.000,19,3SI,17.2680458978488,269.675686770181,2,201.8017097649
2022-08-08 06.30.00.000,20,2SI,17.058466739398,259.784396040371,2,198.408423037169
2022-08-08 14.00.00.000,7,6DI,24.7575989484543,383.379604005887,2,309.270533593488
2022-08-08 14.30.00.000,7,6DI,25.8665792600831,404.845845362098,2,323.636895240213
2022-08-08 15.00.00.000,7,6DI,26.0636199244816,399.888087972361,2,326.189472066128
2022-08-09 06.00.00.000,19,3SI,20.4004454377706,303.138679184163,2,241.052125000814
2022-08-13 14.00.00.000,7,6DI,24.7300835806001,375.253137060057,2,308.914083869998
2022-08-13 14.30.00.000,7,6DI,26.0266554274766,394.050786897676,2,325.710612949789
2022-08-16 06.00.00.000,16,6SI,15.8311548411675,242.660029490687,2,169.407476815591
2022-08-16 06.00.00.000,18,4SI,17.0221419460974,260.213507903119,2,184.518826021811
2022-08-16 06.00.00.000,19,3SI,17.6557240361051,270.673738164833,2,206.659496171301
2022-08-22 06.30.00.000,20,2SI,19.5134500709046,299.188090356186,2,228.269904326317
2022-08-22 07.00.00.000,20,2SI,22.6279562092347,327.662708481428,2,266.153569596503
2022-08-22 13.30.00.000,8,7DI,25.7976063925015,391.836389076707,2,332.212161906087
2022-08-23 06.00.00.000,15,7SI,17.5159518344085,271.26956843016,2,212.377457155003
2022-08-23 06.00.00.000,18,4SI,17.6553344726894,272.963066818067,2,191.799146672277
2022-08-23 06.00.00.000,19,3SI,18.0964524338362,275.049203424295,2,212.182026869169
2022-08-23 06.30.00.000,20,2SI,19.3127372655988,294.662861560741,2,225.828510283755
2022-08-23 06.30.00.000,18,4SI,20.6428826545609,302.177789226348,2,226.149376356457
2022-08-24 06.00.00.000,18,4SI,16.5715866698344,252.8626359817,2,179.338431838056
2022-08-24 06.30.00.000,20,2SI,18.9883495840995,282.163877563331,2,221.882782197863
2022-08-24 06.30.00.000,18,4SI,19.005965626171,282.609156365176,2,207.328432734414
2022-08-27 06.00.00.000,16,6SI,12.0295664241974,197.524944832339,2,124.445683275588
2022-08-27 06.00.00.000,18,4SI,12.7952849470778,211.391438953531,2,135.919272167067
2022-08-27 06.00.00.000,15,7SI,13.1808865108883,213.851453189608,2,157.32210278618
2022-08-27 06.00.00.000,19,3SI,13.3760284706768,224.955149082248,2,153.032931013986
2022-08-27 06.30.00.000,16,6SI,14.0496551566349,230.699518820354,2,148.337489162543
2022-08-27 06.30.00.000,18,4SI,15.0859835457739,244.085077154831,2,162.257265133978
2022-08-27 06.30.00.000,20,2SI,15.5255606235267,247.697566770092,2,179.762737459735
2022-08-27 06.30.00.000,15,7SI,15.5776516556631,250.712725575935,2,187.76103381416
2022-08-27 06.30.00.000,19,3SI,16.1109527575925,262.760929143126,2,187.302797463688
2022-08-29 07.00.00.000,18,4SI,17.9176948229006,270.336283868458,2,194.815713348745
2022-08-29 07.00.00.000,19,3SI,18.4849044966636,289.281006850237,2,217.04951090845
2022-08-29 07.00.00.000,20,2SI,18.7746728137139,279.675141744435,2,219.283699426544
2022-09-08 06.30.00.000,16,6SI,14.2452489170992,223.349564543507,2,150.650797525029
2022-09-08 06.30.00.000,15,7SI,14.7931280977134,241.210787674376,2,177.797580147322
2022-09-08 06.30.00.000,18,4SI,15.06581797143,233.846209616828,2,162.025405405445
2022-09-08 06.30.00.000,20,2SI,15.1978878012095,240.950406143482,2,175.777050173386
2022-09-08 06.30.00.000,19,3SI,15.5753053311041,243.506722459712,2,180.590887427383
2022-09-08 07.00.00.000,16,6SI,16.6672072509148,258.942868927988,2,179.295558246995
2022-09-08 07.00.00.000,18,4SI,17.4608150456152,264.7277516097,2,189.562601320948
2022-09-08 07.00.00.000,15,7SI,17.9005055053893,281.162968733154,2,217.261290972873
2022-09-08 07.00.00.000,19,3SI,18.4199026922534,281.840514805383,2,216.235008230338
2022-09-09 06.30.00.000,15,7SI,14.0838561515043,226.306952711415,2,168.789822379395
2022-09-09 06.30.00.000,18,4SI,14.3734441592402,226.002084279879,2,154.064630205117
2022-09-09 06.30.00.000,19,3SI,14.7373260610661,233.79928400714,2,170.090619537258
2022-09-09 07.00.00.000,16,6SI,16.1437681300397,251.285699051172,2,173.104787678963
2022-09-09 07.00.00.000,18,4SI,16.5935162672261,260.545696966885,2,179.590573949724
2022-09-09 07.00.00.000,15,7SI,17.2427016460365,267.878186483806,2,208.907178201985
2022-09-09 07.00.00.000,19,3SI,17.5110160308785,273.491218780915,2,204.846237926074
2022-09-09 07.30.00.000,16,6SI,19.6294849272849,286.185827272773,2,214.330733727476
2022-09-10 06.30.00.000,19,3SI,14.2170672214968,226.539909762897,2,163.571535613578
2022-09-10 06.30.00.000,20,2SI,14.2949833192066,227.955087411045,2,164.794464284025
2022-09-10 07.00.00.000,16,6SI,15.5212718839497,243.393376753584,2,165.742457877246
2022-09-10 07.00.00.000,18,4SI,16.35687957604,250.620507940808,2,176.869772744484
2022-09-10 07.00.00.000,15,7SI,16.7547282863365,261.601559046819,2,202.709913746691
2022-09-10 07.00.00.000,19,3SI,17.1169758519139,265.762523620805,2,199.908732206616
2022-09-10 07.00.00.000,20,2SI,17.3617101595706,262.790918292404,2,202.096960389471
2022-09-11 06.30.00.000,16,6SI,12.6393174919717,208.999005315854,2,131.657274487747
2022-09-11 06.30.00.000,18,4SI,13.3112843486503,222.862217917016,2,141.852129775345
2022-09-11 06.30.00.000,15,7SI,13.4377084778974,222.029672215033,2,160.583743234056
2022-09-11 06.30.00.000,20,2SI,13.532721740074,229.859994654208,2,155.52260504548
2022-09-11 06.30.00.000,19,3SI,13.8317817394174,228.038420421651,2,158.743730295881
2022-09-11 07.00.00.000,16,6SI,15.0721101257994,247.293451999142,2,160.43017363683
2022-09-11 07.00.00.000,18,4SI,15.7733156012686,256.432732100746,2,170.160071227218
2022-09-11 07.00.00.000,19,3SI,16.6767166154546,267.506123624872,2,194.392080316511
2022-09-11 07.00.00.000,15,7SI,16.7264275821812,262.954667094513,2,202.350494642277
2022-09-11 07.00.00.000,20,2SI,16.9728388846715,263.149744467801,2,197.366878457647
2022-09-12 06.30.00.000,18,4SI,11.7571693709722,199.764787779168,2,123.983227522052
2022-09-12 06.30.00.000,15,7SI,11.7785675561671,198.308201874338,2,139.512644051749
2022-09-12 06.30.00.000,19,3SI,12.1143239122718,204.612131494315,2,137.223189251709
2022-09-12 06.30.00.000,20,2SI,12.2562243159975,212.336077350707,2,139.995777039966
2022-09-12 07.00.00.000,16,6SI,13.6698273283352,224.590281460713,2,143.84522473946
2022-09-12 07.00.00.000,18,4SI,14.0347817566101,235.188892512927,2,150.170757836352
2022-09-12 07.00.00.000,15,7SI,14.974477754736,238.111584891312,2,180.100721827303
2022-09-12 07.00.00.000,19,3SI,15.0569366483978,245.762811716472,2,174.095488043553
2022-09-12 07.00.00.000,20,2SI,15.6835977917278,247.547635666734,2,181.68504132252
2022-09-16 07.00.00.000,16,6SI,14.6888615686326,227.203001313515,2,155.897451886911
2022-09-16 07.00.00.000,18,4SI,15.4938010020184,239.035963878744,2,166.946268436492
2022-09-18 07.00.00.000,16,6SI,8.54866785011517,156.823176324934,2,83.2767228686879
2022-09-18 07.00.00.000,20,2SI,8.88548670144493,178.514336917495,2,98.9954097805196
2022-09-18 07.00.00.000,18,4SI,9.33427544587016,173.168773806719,2,96.125279210898
2022-09-18 07.00.00.000,19,3SI,9.4368331619814,177.285426474863,2,103.672991583808
2022-09-18 07.30.00.000,16,6SI,11.1223452486707,201.222178471177,2,113.715881225724
2022-09-18 07.30.00.000,18,4SI,11.4384670413273,205.475811715685,2,120.318852068423
2022-09-18 07.30.00.000,20,2SI,11.8674821624393,212.963861047935,2,135.267265690907
2022-09-18 07.30.00.000,19,3SI,12.1647745836638,215.698997506451,2,137.855359501968
2022-09-19 07.00.00.000,16,6SI,9.98653201458454,174.575734401319,2,100.282496406099
2022-09-19 07.00.00.000,20,2SI,10.5801410285749,187.831589529476,2,119.608538933666
2022-09-19 07.30.00.000,16,6SI,13.4767139372391,223.993412235079,2,141.561251971257
2022-09-20 07.00.00.000,16,6SI,7.0465833720383,155.434524795167,2,65.5114088011639
2022-09-20 07.00.00.000,18,4SI,7.67740567487061,170.994768236275,2,77.0749229569093
2022-09-20 07.00.00.000,19,3SI,7.9640409612135,173.694568490408,2,85.2182240167699
2022-09-20 07.00.00.000,20,2SI,8.14038466473823,170.722276558235,2,89.9322726740167
2022-09-20 07.00.00.000,22,1SI,9.03208605589482,173.204287353544,2,98.5326976138432
2022-09-20 07.30.00.000,22,1SI,10.2782130369776,189.874564815811,2,112.903845681932
2022-09-20 07.30.00.000,16,6SI,10.4662135424485,201.247601931363,2,105.955741233051
2022-09-20 07.30.00.000,18,4SI,10.9734286318295,208.966286555187,2,114.971933724094
2022-09-20 07.30.00.000,20,2SI,11.305646773653,213.361675395936,2,128.433314219827
2022-09-20 07.30.00.000,19,3SI,11.5027643505783,218.821088345542,2,129.560065045477
2022-09-21 07.00.00.000,16,6SI,7.36058090783524,144.21789660292,2,69.2250913012342
2022-09-21 07.00.00.000,18,4SI,8.20478577166764,156.524803908444,2,83.1386335158783
2022-09-21 07.00.00.000,19,3SI,8.84787033337967,159.97335707935,2,96.293014896124
2022-09-21 07.00.00.000,20,2SI,8.97698368512226,169.08302045936,2,100.10834420701
2022-09-21 07.30.00.000,16,6SI,10.6266804620821,181.737405033541,2,107.853600685262
2022-09-21 07.30.00.000,18,4SI,10.9477534022852,190.770768794769,2,114.67672508532
2022-09-21 07.30.00.000,19,3SI,11.7538436952472,198.810035378973,2,132.70620537969
2022-09-22 08.00.00.000,20,2SI,11.3450740818112,194.549992960282,2,128.912892964717
2022-09-22 08.30.00.000,16,6SI,12.1230450672428,199.629159582093,2,125.551265202934
2022-09-23 07.00.00.000,19,3SI,6.9373477963174,134.588219565138,2,72.353283727878
2022-09-23 07.00.00.000,20,2SI,7.31848600026161,144.958610303309,2,79.9350106658128
2022-09-26 07.00.00.000,20,2SI,6.77995407424947,133.271324392486,2,73.3845136315411
2022-10-02 09.00.00.000,16,6SI,18.8980060390956,278.968873177235,2,205.67945454038
2022-10-03 08.30.00.000,16,6SI,14.5164098701714,230.585143582007,2,153.857847171361
2022-10-04 08.30.00.000,16,6SI,11.0690313786842,189.871172801563,2,113.08533237292
2022-10-05 08.30.00.000,16,6SI,12.0757473728828,195.633600178189,2,124.991870303887
2022-10-06 08.30.00.000,16,6SI,11.4619106703207,194.220171319284,2,117.731957851324
2023-03-07 08.30.00.000,19,3SI,2.00672409736032,72.3524476896973,2,10.5702879479294
2023-03-15 08.00.00.000,20,2SI,4.98166058393684,114.295649959548,2,51.5107572095726
2023-03-16 07.30.00.000,20,2SI,1.58038019826244,70.3216279833494,2,10.1388793265433
2023-03-20 07.30.00.000,19,3SI,5.51725539722898,119.025504388684,2,54.5588690540154
2023-03-22 07.30.00.000,19,3SI,5.59951810964138,131.121483790076,2,55.5896588940304
2023-03-22 07.30.00.000,20,2SI,5.92017617942283,134.017848658844,2,62.9265031067066
2023-03-22 08.00.00.000,20,2SI,9.54651369153285,167.197278527503,2,107.03589007332
2023-03-28 07.00.00.000,20,2SI,-0.407373066820838,49.893875916076,2,-14.0393935647439
2023-03-28 07.00.00.000,19,3SI,0.248580687251601,51.6868822751348,2,-11.460062271307
2023-03-28 09.00.00.000,8,7DI,0.8859917330068,66.9866389628973,2,4.83492966509057
2023-03-28 09.30.00.000,8,7DI,1.68705649908716,74.7778495379092,2,15.3621624257826
2023-04-02 06.30.00.000,15,7SI,3.89622668441453,98.7515386193431,2,39.4068699597888
2023-04-02 07.00.00.000,15,7SI,5.86547793972976,141.753808996089,2,64.4163721498487
2023-04-02 07.00.00.000,20,2SI,5.872696908599,123.677935365119,2,62.3489833577403
2023-04-02 22.00.00.000,21,1SI,7.05267721057425,126.523000193083,2,48.9299071238377
2023-04-02 22.30.00.000,21,1SI,6.70437483844612,124.553849824868,2,45.0923908664181
2023-04-02 23.00.00.000,21,1SI,6.22148573996591,121.26538710892,2,39.7720286919486
2023-04-02 23.30.00.000,21,1SI,5.65176189124701,119.363575599961,2,33.4949410042019
2023-04-03 00.00.00.000,21,1SI,5.4130232368184,116.884294125157,2,30.8645728500991
2023-04-03 00.30.00.000,21,1SI,5.37922381196806,113.593442465739,2,30.492178480339
2023-04-03 01.00.00.000,21,1SI,5.46185614614986,110.752827058381,2,31.4026027300324
2023-04-03 01.30.00.000,21,1SI,5.31312460774356,108.316066858004,2,29.7639124933341
2023-04-03 02.00.00.000,21,1SI,5.05480917414357,105.410809988322,2,26.9178518422809
2023-04-03 02.30.00.000,21,1SI,4.71361908197204,102.033452604155,2,23.1586970665647
2023-04-03 03.00.00.000,21,1SI,4.43847696311869,99.3011245865581,2,20.1272438273885
2023-04-03 03.30.00.000,21,1SI,4.27756788798146,98.0600373734118,2,18.3543842627733
2023-04-03 04.00.00.000,21,1SI,4.05101019103855,94.8336976395065,2,15.8582231256849
2023-04-03 04.30.00.000,21,1SI,3.81458621350567,89.8315827176143,2,13.2533575547651
2023-04-03 05.00.00.000,21,1SI,3.50514924505644,85.2410522534158,2,9.84405146874821
2023-04-03 05.30.00.000,21,1SI,3.17616509219557,84.5568768854998,2,6.21937895410747
2023-04-03 06.00.00.000,21,1SI,2.83264682557433,84.4511568460383,2,2.43457288223074
2023-04-03 06.30.00.000,21,1SI,2.60123405929303,84.0648959311903,2,-0.115080303743753
2023-04-03 06.30.00.000,20,2SI,3.45261190271055,110.265010317058,2,32.9119919965253
2023-04-03 06.30.00.000,18,4SI,3.46776790017924,106.237316945254,2,28.6733522892646
2023-04-03 06.30.00.000,19,3SI,3.59096789074293,111.60182486082,2,30.4215955262528
2023-04-03 06.30.00.000,15,7SI,4.22251137411526,110.425565326575,2,43.5506873825924
2023-04-03 07.00.00.000,21,1SI,2.80867830306625,82.5918418097549,2,2.1704931568212
2023-04-03 07.00.00.000,14,8SI,4.01119827116067,71.9325218256927,2,21.2822932899066
2023-04-03 07.00.00.000,18,4SI,5.13092402535588,138.974115287126,2,47.7959877825204
2023-04-03 07.00.00.000,20,2SI,5.50127892167694,149.967316910736,2,57.8311965668541
2023-04-03 07.00.00.000,19,3SI,5.52489619016693,150.791320769979,2,54.6546117240432
2023-04-03 07.00.00.000,16,6SI,5.5628140395448,128.720144277871,2,47.9627099228853
2023-04-03 07.00.00.000,15,7SI,6.28572853739139,154.253171317648,2,69.7535571404506
2023-04-03 07.30.00.000,18,4SI,8.87346321505423,167.663826009434,2,90.8269526212695
2023-04-03 07.30.00.000,19,3SI,10.0105933332328,184.886312478753,2,110.862471942373
2023-04-03 07.30.00.000,20,2SI,10.4499414117941,184.468201377939,2,118.024840433372
2023-04-03 07.30.00.000,15,7SI,11.1466752652504,194.992883837893,2,131.487608347997
2023-04-03 21.30.00.000,21,1SI,7.4848166089699,132.463882350315,2,53.6911206541458
2023-04-03 22.00.00.000,21,1SI,6.79504428070319,128.708241055742,2,46.0913661435221
2023-04-03 22.30.00.000,21,1SI,6.31506429805852,119.266702061941,2,40.8030559451714
2023-04-04 07.00.00.000,20,2SI,5.66163041227347,134.42075663647,2,59.7816509649281
2023-04-04 07.00.00.000,19,3SI,6.03336251183065,130.949772147729,2,61.0259299433266
2023-04-04 07.00.00.000,15,7SI,6.22863471800501,140.621875018573,2,69.028465308147
2023-04-04 13.30.00.000,7,6DI,8.48904219008769,172.483413259537,2,98.5183972298673
2023-04-04 14.00.00.000,7,6DI,8.6860423878821,189.148921163877,2,101.070449828379
2023-04-04 20.00.00.000,21,1SI,6.3939575119548,117.429196448547,2,41.6722834186372
2023-04-04 20.30.00.000,21,1SI,5.73578146313594,112.132033945762,2,34.4206495231969
2023-04-04 21.00.00.000,21,1SI,5.25303299795301,106.234688912837,2,29.1018368143866
2023-04-05 06.30.00.000,16,6SI,-1.09542744882211,47.9509372732886,2,-30.7850255771169
2023-04-05 06.30.00.000,19,3SI,0.425390913340762,56.7024187222649,2,-9.24454834867096
2023-04-05 06.30.00.000,15,7SI,0.43454515783659,65.4123973619929,2,-4.55650519945803
2023-04-05 07.00.00.000,16,6SI,1.11533771771958,79.9317858087586,2,-4.63806907341946
2023-04-05 07.00.00.000,15,7SI,2.81755744489234,102.927872876801,2,25.70776445694
2023-04-05 07.00.00.000,19,3SI,3.02257350927871,91.8663352811564,2,23.2993509958543
2023-04-06 06.30.00.000,15,7SI,0.547623415864987,62.0201836940256,2,-3.1204106766407
2023-04-06 07.00.00.000,15,7SI,3.75005166238624,102.610542825781,2,37.5504463451375
2023-04-07 13.30.00.000,7,6DI,8.85928404103125,175.32312363903,2,103.314720727798
2023-04-07 14.00.00.000,7,6DI,9.18516785017697,195.352838395481,2,107.53640492535
2023-04-07 14.30.00.000,7,6DI,10.40980319966,190.573370748461,2,123.401027706792
2023-04-08 06.30.00.000,19,3SI,3.47518437570455,90.2213021054195,2,28.9707745231175
2023-04-08 06.30.00.000,15,7SI,3.60157033828887,95.7520790819007,2,35.6647326810365
2023-04-08 06.30.00.000,20,2SI,3.8039291958149,97.3948608331249,2,37.1852816111442
2023-04-08 08.30.00.000,8,7DI,3.82393072685406,108.54551608799,2,43.4440021577895
2023-04-08 09.00.00.000,8,7DI,4.65613078425106,122.463891181234,2,54.380400909349
2023-04-08 09.30.00.000,8,7DI,5.63975861368498,129.170204529286,2,67.3067953144007
2023-04-09 06.30.00.000,15,7SI,5.26537295229725,116.992685529014,2,56.7950353819019
2023-04-09 08.30.00.000,8,7DI,5.34349450702537,128.734106461763,2,63.4134257124585
2023-04-09 09.00.00.000,8,7DI,6.24722391109588,142.440937694538,2,75.2898309572965
2023-04-13 06.30.00.000,15,7SI,6.86428144039574,141.085382658961,2,77.101182313063
2023-04-13 06.30.00.000,20,2SI,6.93170444009523,136.192029102438,2,75.2303472273005
2023-04-13 07.00.00.000,15,7SI,10.3880251353299,178.442937729219,2,121.852747364907
2023-04-16 06.00.00.000,15,7SI,7.90481798498181,148.521678726963,2,90.3160023724246
2023-04-17 05.30.00.000,14,8SI,5.15468829986403,84.8619639857973,2,33.2888753871373
2023-04-17 06.00.00.000,16,6SI,4.54760229511426,109.762019161322,2,35.9556918436235
2023-04-17 06.00.00.000,14,8SI,5.81200971588228,100.75490746062,2,40.1907139231849
2023-04-17 06.00.00.000,15,7SI,5.95981716636296,136.56609932273,2,65.6144808669173
2023-04-17 06.00.00.000,19,3SI,6.24533426497165,129.952708574302,2,63.6820340651132
2023-04-17 06.30.00.000,16,6SI,7.11776163249867,140.378414077685,2,66.3532417142352
2023-04-17 06.30.00.000,20,2SI,8.22383844306227,152.747275611574,2,90.9473726170386
2023-04-17 06.30.00.000,14,8SI,8.23693130453313,116.3520285546,2,65.6522565712637
2023-04-17 06.30.00.000,15,7SI,9.13781242863894,174.516087574599,2,105.975038849229
2023-04-18 06.00.00.000,15,7SI,6.28830397985311,126.973173008754,2,69.7862652744244
2023-04-19 05.30.00.000,15,7SI,5.203819495675,117.440695543981,2,56.0133061312312
2023-04-19 05.30.00.000,14,8SI,5.80278894324676,95.0348590983664,2,40.093896320172
2023-04-19 06.00.00.000,16,6SI,5.10362192595303,127.471128429114,2,42.5317955939307
2023-04-19 06.00.00.000,18,4SI,5.31331508598892,126.524393588905,2,49.8930836094942
2023-04-19 06.00.00.000,15,7SI,6.33189623147605,149.347847450722,2,70.3398871190167
2023-04-19 06.00.00.000,19,3SI,6.71529299595517,143.190589504565,2,69.5708343601441
2023-04-19 06.00.00.000,14,8SI,7.07823164072435,109.339973516622,2,53.4859741461087
2023-04-19 06.30.00.000,16,6SI,7.8687945530347,156.849805182943,2,75.2357885370707
2023-04-19 06.30.00.000,15,7SI,10.0437097014181,182.118378362709,2,117.479939387639
2023-04-19 09.00.00.000,8,7DI,9.19306418082877,175.754769223526,2,114.002738462939
2023-04-19 09.30.00.000,8,7DI,10.0343041278457,184.761339882383,2,125.057935376881
2023-04-24 06.30.00.000,20,2SI,8.93712725461515,163.428354746135,2,99.6235457814705
2023-04-24 13.00.00.000,8,7DI,14.3088359068666,252.100509741201,2,181.231908925749
2023-04-24 13.30.00.000,8,7DI,14.6878763588431,270.380783215142,2,186.213088017171
2023-04-24 14.00.00.000,7,6DI,14.142238408079,238.684642103418,2,171.753116075574
2023-04-24 14.00.00.000,8,7DI,15.4554016699637,273.377355065028,2,196.299560350019
2023-04-26 05.30.00.000,15,7SI,3.69646145859805,113.709971572574,2,36.8698504509422
2023-04-26 05.30.00.000,14,8SI,4.64585280468894,84.15677063342,2,27.9461308126766
2023-04-26 05.30.00.000,19,3SI,5.08442299604595,113.465204324558,2,49.1352788454638
2023-04-26 06.00.00.000,16,6SI,5.39994351364154,121.753056893613,2,46.0364227617805
2023-04-26 06.00.00.000,15,7SI,6.61192943112805,150.913407651345,2,73.8963103540321
2023-04-26 06.00.00.000,19,3SI,8.09325945269768,152.537947283445,2,86.8373914895881
2023-04-26 06.30.00.000,20,2SI,7.07453884767682,142.176749153371,2,76.967730505918
2023-04-26 08.30.00.000,8,7DI,7.34142719771753,150.66015754174,2,89.6693582733499
2023-04-26 09.00.00.000,8,7DI,7.92430804257923,160.462973876062,2,97.3293161012696
2023-04-26 14.30.00.000,7,6DI,16.0114141718543,265.965175731715,2,195.967481941321
2023-04-26 15.00.00.000,7,6DI,16.7306902797479,280.192347088268,2,205.285393703588
2023-05-02 05.00.00.000,15,7SI,3.88047874060232,101.381457845085,2,39.2068709834279
2023-05-02 05.00.00.000,14,8SI,4.58491722210965,82.8779122013097,2,27.3063105636882
2023-05-02 05.30.00.000,15,7SI,4.65833372189943,131.527433959771,2,49.0856336886901
2023-05-02 05.30.00.000,19,3SI,5.5390815040945,121.960954437152,2,54.8323602694675
2023-05-02 05.30.00.000,14,8SI,5.65113621027067,98.3942368014491,2,38.5015510062285
2023-05-02 06.00.00.000,15,7SI,8.24418869266051,168.405752132178,2,94.6260122982906
2023-05-02 06.00.00.000,19,3SI,9.10180461908391,160.642345514624,2,99.4749289621615
2023-05-02 06.30.00.000,20,2SI,6.76975848590653,146.577557382737,2,73.260498381976
2023-05-02 08.30.00.000,8,7DI,8.71453746652454,169.183518007006,2,107.71415567039
2023-05-02 09.00.00.000,8,7DI,9.18327834934851,181.043606336187,2,113.874137468223
2023-05-02 09.30.00.000,8,7DI,9.99669386914193,185.732477689439,2,124.563678277668
2023-05-02 14.00.00.000,7,6DI,17.4570395257992,284.675287866958,2,214.694934920124
2023-05-02 14.30.00.000,7,6DI,18.4778909042315,295.494075742947,2,227.919624246282
2023-05-03 05.30.00.000,19,3SI,7.18264764520363,150.652950335755,2,75.4270043064259
2023-05-03 05.30.00.000,15,7SI,7.3916816850103,150.898702910602,2,83.7991684319621
2023-05-03 05.30.00.000,18,4SI,7.41391110835442,146.354152296814,2,74.0453152888935
2023-05-03 06.00.00.000,7,6DI,4.2108332286054,109.376358622523,2,43.0960452760787
2023-05-03 06.00.00.000,20,2SI,6.81768767416495,149.700081846067,2,73.843490755087
2023-05-03 06.00.00.000,19,3SI,10.582661477613,187.085425811473,2,118.030750421536
2023-05-03 06.00.00.000,15,7SI,10.7137658239736,186.744818560804,2,125.98965597118
2023-05-03 06.30.00.000,7,6DI,4.93527849774884,120.270712153657,2,52.4809212929373
2023-05-03 06.30.00.000,20,2SI,8.86862517774174,184.803554882232,2,98.790312634601
2023-05-03 07.00.00.000,20,2SI,13.5855213479868,218.496940590586,2,156.164839346433
2023-05-03 08.00.00.000,8,7DI,8.46249580263886,171.230732422891,2,104.401937515922
2023-05-03 08.30.00.000,8,7DI,9.09473049420117,189.061274459359,2,112.710481393126
2023-05-03 09.00.00.000,8,7DI,9.74187384189415,197.94702562018,2,121.214948121867
2023-05-03 09.30.00.000,8,7DI,10.4656761398378,197.960978721928,2,130.726832286314
2023-05-04 06.30.00.000,20,2SI,11.9944103551621,200.420679166606,2,136.811171836179
2023-05-04 06.30.00.000,19,3SI,12.3732407374519,202.03738929729,2,140.467536842225
2023-05-04 08.00.00.000,8,7DI,10.7863552869164,200.270861622966,2,134.941053365235
2023-05-04 08.30.00.000,8,7DI,11.5355667300288,216.511189258857,2,144.78685308404
2023-05-04 09.00.00.000,8,7DI,12.2115515134985,225.188792529326,2,153.670340986137
2023-05-04 09.30.00.000,8,7DI,12.8513382868461,227.136458852258,2,162.078130924519
2023-05-04 14.00.00.000,7,6DI,17.1038488336914,279.457373881269,2,210.119501830942
2023-05-04 14.30.00.000,7,6DI,17.3568257741017,281.457333659861,2,213.396708987919
2023-05-06 14.30.00.000,8,7DI,21.4867164633512,341.281741576691,2,275.560385905574
2023-05-06 15.00.00.000,8,7DI,22.1708982540325,347.808531036361,2,284.551595188652
2023-05-10 05.00.00.000,19,3SI,10.3243532482929,177.504877051139,2,114.794028818671
2023-05-10 05.30.00.000,19,3SI,11.0576904078379,204.088043588938,2,123.983082658459
2023-05-10 05.30.00.000,15,7SI,11.4243078842504,201.694741381191,2,135.01354419502
2023-05-10 06.00.00.000,19,3SI,13.7844926987622,233.009931636913,2,158.151176741276
2023-05-10 06.00.00.000,15,7SI,14.6542841112709,232.748154313287,2,176.034260726482
2023-05-10 06.30.00.000,20,2SI,11.6145154548433,200.253597014713,2,132.190275102534
2023-05-10 07.00.00.000,20,2SI,14.6592277498632,235.287931186506,2,169.224994671397
2023-05-12 05.00.00.000,15,7SI,7.26358127665088,140.822947469944,2,82.1722925141404
2023-05-12 05.30.00.000,15,7SI,8.55348661587637,160.895957391096,2,98.554097689715
2023-05-15 05.00.00.000,15,7SI,9.12158468918278,169.510816912701,2,105.76894646545
2023-05-15 05.30.00.000,15,7SI,11.1705916822486,195.363885620337,2,131.791346980474
2023-05-16 05.00.00.000,15,7SI,11.1912805442954,196.298059264238,2,132.054095646635
2023-05-22 14.30.00.000,8,7DI,18.6495589561609,330.78708837837,2,238.27573836942
2023-05-22 15.00.00.000,8,7DI,18.7063079154924,353.598287649668,2,239.021507661874
2023-05-22 15.30.00.000,8,7DI,19.7588972739093,367.215733495295,2,252.854163455364
2023-05-22 16.00.00.000,8,7DI,20.8114866323293,369.301855276171,2,266.686819248895
2023-05-22 16.30.00.000,8,7DI,21.8640759907462,355.58273106666,2,280.519475042385
2023-05-24 07.30.00.000,16,6SI,14.2565549319427,226.914743723123,2,150.784514973999
2023-05-24 07.30.00.000,19,3SI,15.3613607175717,240.7121300209,2,177.910062452276
2023-05-24 07.30.00.000,15,7SI,15.5876217514544,253.51778652744,2,187.887654087655
2023-05-26 08.30.00.000,8,7DI,11.6866135146873,209.729014017159,2,146.771841972809
2023-05-26 09.00.00.000,8,7DI,12.3533647304372,216.486867981551,2,155.533986482071
2023-05-26 13.00.00.000,8,7DI,19.2841453084711,324.335563481831,2,246.615186714172
2023-05-26 13.30.00.000,8,7DI,20.0822862986171,345.047636091364,2,257.103996526927
2023-05-26 14.00.00.000,8,7DI,20.5647261700234,355.795377321066,2,263.444004269601
2023-05-26 14.30.00.000,8,7DI,21.0471660414298,353.391605116597,2,269.784012012275
2023-05-26 15.00.00.000,8,7DI,21.5296059128361,350.987832912128,2,276.12401975495
2023-05-26 15.30.00.000,8,7DI,22.0120457842425,348.584060707659,2,282.464027497624
2023-05-27 13.00.00.000,8,7DI,20.7394935444443,336.321552355912,2,265.740718477249
2023-05-27 13.30.00.000,8,7DI,21.514786438962,353.16955121665,2,275.929268896505
2023-05-27 14.00.00.000,8,7DI,22.8480922173092,361.417854125998,2,293.450973587769
2023-05-29 13.00.00.000,8,7DI,20.473926834491,328.04316242193,2,262.250760252212
2023-05-29 13.30.00.000,8,7DI,20.9911866707412,359.076049508496,2,269.048356307532
2023-05-29 14.00.00.000,7,6DI,19.5330682948512,318.103083951442,2,241.588992255912
2023-05-29 14.00.00.000,8,7DI,21.8293682047149,373.791977974459,2,280.063360933225
2023-05-29 14.30.00.000,7,6DI,19.768312003001,331.782667629858,2,244.636473037094
2023-05-29 14.30.00.000,8,7DI,22.6675497386886,377.602442066354,2,291.078365558919
2023-05-29 15.00.00.000,7,6DI,20.7958484682007,331.979577784212,2,257.947764779122
2023-05-29 15.00.00.000,8,7DI,23.5057312726623,374.008520066505,2,302.093370184612
2023-05-29 15.30.00.000,8,7DI,24.3439128066376,375.354620629514,2,313.108374810327
2023-05-30 14.30.00.000,8,7DI,23.5120192368924,374.66951202574,2,302.176003781599
2023-05-30 15.00.00.000,8,7DI,23.4896597979761,388.239016800785,2,301.882166094765
2023-05-30 15.00.00.000,4,3DI,25.5806984005287,354.271840063722,2,290.061434888501
2023-05-30 15.30.00.000,8,7DI,23.4238726633904,383.572881920974,2,301.01762116935
2023-05-30 15.30.00.000,4,3DI,25.6464855351145,355.798251013067,2,290.85990169499
2023-06-01 07.00.00.000,20,2SI,13.8940503938708,224.216150441484,2,159.91766903476
2023-06-06 13.30.00.000,8,7DI,22.6730071608392,366.710428522576,2,291.150084545555
2023-06-06 14.00.00.000,8,7DI,23.5852596841285,380.43263448463,2,303.138496788656
2023-06-06 14.30.00.000,8,7DI,24.4975122074146,388.933678424291,2,315.126909031715
2023-06-08 07.00.00.000,20,2SI,15.8749734779265,247.774729722774,2,184.012862208014
2023-06-11 07.00.00.000,20,2SI,17.0308948241734,263.340162993406,2,198.07304877209
2023-06-11 13.30.00.000,8,7DI,24.0938111348553,372.130960071347,2,309.821651159287
2023-06-15 07.00.00.000,20,2SI,15.8869018837194,252.426555388858,2,184.157954788409
2023-06-16 05.00.00.000,16,6SI,14.3041948501824,225.889446061172,2,151.347957391541
2023-06-16 07.00.00.000,20,2SI,18.5678829116656,277.920565863944,2,216.76838589608
2023-06-24 05.00.00.000,19,3SI,16.1010481220409,254.799025673114,2,187.178687798491
2023-06-24 05.30.00.000,5,4DI,14.3598014596695,230.227033223421,2,163.778796317153
2023-06-24 05.30.00.000,19,3SI,17.4959412323995,283.003568584032,2,204.657343727759
2023-06-24 07.00.00.000,20,2SI,19.4289534830189,295.825312025646,2,227.242120045355
2023-06-25 07.00.00.000,20,2SI,18.7650204256004,279.255644827558,2,219.166291457475
2023-06-25 15.00.00.000,8,7DI,30.5989076106511,456.553056053837,2,395.308702432979
2023-06-25 15.30.00.000,8,7DI,30.0199721104068,448.732680089905,2,387.70059254903
2023-06-25 16.00.00.000,8,7DI,29.4410366101641,440.912304125973,2,380.092482665103
2023-06-25 16.30.00.000,8,7DI,28.8621011099199,433.091928162041,2,372.484372781154
2023-06-25 17.00.00.000,8,7DI,28.2831656096772,425.271552198095,2,364.876262897226
2023-06-25 17.30.00.000,8,7DI,27.7042301094346,417.451176234177,2,357.268153013299
2023-07-01 05.00.00.000,15,7SI,13.0034263600672,211.581429989215,2,155.068357857171
2023-07-01 05.30.00.000,19,3SI,14.3039200708556,227.192716657569,2,164.659841992859
2023-07-01 07.00.00.000,20,2SI,16.5737751054589,255.525546595947,2,192.512818789218
2023-07-03 07.00.00.000,20,2SI,19.7545537112857,298.666842199838,2,231.202597087848
2023-07-04 07.00.00.000,20,2SI,19.8066491946504,295.164544228394,2,231.836266686243
2023-07-05 05.30.00.000,16,6SI,15.5655004909485,237.117497118617,2,166.265554351226
2023-07-05 05.30.00.000,15,7SI,17.2637447989297,266.321845638959,2,209.17442636392
2023-07-06 07.00.00.000,20,2SI,19.5934919382301,295.230409188634,2,229.243503084734
2023-07-07 07.00.00.000,20,2SI,18.567173385587,288.582598121628,2,216.759755491364
2023-07-09 05.30.00.000,19,3SI,16.3045574707611,256.50328974134,2,189.728754078305
2023-07-09 08.30.00.000,8,7DI,18.5372144424276,296.773836693837,2,236.799357313186
2023-07-09 15.00.00.000,8,7DI,31.9749031031965,481.166914924073,2,413.391416142342
2023-07-09 15.30.00.000,8,7DI,31.6094201050363,481.317933187711,2,408.588403009541
2023-07-09 16.00.00.000,8,7DI,31.2439371068761,468.05943598237,2,403.78538987674
2023-07-11 07.00.00.000,20,2SI,23.5024083330899,338.596556527871,2,276.790071848734
2023-07-13 05.30.00.000,19,3SI,14.9602381567922,237.279262919485,2,172.883811212474
2023-07-14 05.30.00.000,15,7SI,16.0940655241447,252.540778903228,2,194.319492893421
2023-07-21 08.00.00.000,16,6SI,17.6055288986358,277.390826218918,2,190.393188913855
2023-07-21 08.00.00.000,15,7SI,17.9067238729546,286.590209052436,2,217.340264276469
2023-07-21 08.00.00.000,19,3SI,18.0452545543583,279.12970276866,2,211.540493755944
2023-07-21 08.00.00.000,18,4SI,18.4150801939244,274.943739725033,2,200.534550567803
2023-07-21 08.00.00.000,20,2SI,19.0013902564523,284.113287612882,2,222.041403964644
2023-07-21 08.30.00.000,16,6SI,20.8326319623985,312.440672015901,2,228.560482626532
2023-07-25 06.00.00.000,15,7SI,13.5148988392358,218.75120791662,2,161.564061263934
2023-07-26 05.30.00.000,16,6SI,12.1153880237424,207.249041218291,2,125.460704529017
2023-07-26 05.30.00.000,19,3SI,12.7668378287924,208.380752382842,2,145.399490468789
2023-07-26 05.30.00.000,15,7SI,13.7939786387857,224.902287998576,2,165.108376312207
2023-07-26 06.00.00.000,16,6SI,14.0428524023886,231.670946620453,2,148.25703225917
2023-07-26 06.00.00.000,19,3SI,15.0528912024528,245.497786520215,2,174.0447967345
2023-07-26 06.00.00.000,15,7SI,16.1904262854573,255.313838672331,2,195.543275112464
2023-07-26 06.30.00.000,16,6SI,16.8165397855598,252.086822706336,2,181.06173013492
2023-07-26 07.00.00.000,20,2SI,14.9834262446874,243.652392407169,2,173.168421562699
2023-07-27 05.30.00.000,16,6SI,10.8170159220479,181.033443984597,2,110.104718564337
2023-07-27 05.30.00.000,19,3SI,11.6832889307899,194.497775415304,2,131.822121543472
2023-07-27 06.00.00.000,16,6SI,12.6073873373507,203.27649323282,2,131.279633127793
2023-07-27 06.00.00.000,19,3SI,14.095354654211,224.18956659476,2,162.046420843093
2023-07-27 06.30.00.000,16,6SI,13.9974925606271,223.218797068414,2,147.720556550442
2023-07-27 06.30.00.000,19,3SI,15.8907042098945,250.653808287293,2,184.542981277382
2023-07-27 07.00.00.000,20,2SI,14.1553572425245,231.37533870182,2,163.096105919303
2023-07-27 07.00.00.000,19,3SI,18.0152209924225,275.810139138468,2,211.164159331817
2023-07-27 07.30.00.000,19,3SI,19.679061729449,297.001756101445,2,232.012853434342
2023-07-27 08.00.00.000,8,7DI,12.7192661277054,219.785631539722,2,160.342498027713
2023-07-27 08.00.00.000,4,3DI,13.8142124933566,209.730429551508,2,147.250101258324
2023-07-27 08.30.00.000,8,7DI,13.1406755428703,235.227934980587,2,165.880470971766
2023-07-27 08.30.00.000,4,3DI,14.640577417108,220.868363365998,2,157.27979727438
2023-07-27 09.00.00.000,8,7DI,13.857752023488,243.952758197142,2,175.303967470829
2023-07-27 09.30.00.000,8,7DI,14.6256457755538,244.616640098558,2,185.39528168882
2023-07-28 09.00.00.000,8,7DI,16.7730677667095,274.051715972172,2,213.615735381895
2023-07-30 05.30.00.000,16,6SI,13.7753765204794,216.754978157783,2,145.093566344332
2023-07-31 07.00.00.000,16,6SI,17.6457104001712,265.883080806872,2,190.86841983788
2023-07-31 14.00.00.000,7,6DI,23.7483791773628,363.39107266039,2,296.196526723853
2023-07-31 14.30.00.000,7,6DI,23.9767532124445,382.814878548771,2,299.155013853247
2023-07-31 14.30.00.000,5,4DI,24.2260093367836,356.859105088104,2,284.136612968933
2023-07-31 14.30.00.000,8,7DI,29.4401926981137,439.170306928225,2,380.081392352608
2023-07-31 15.00.00.000,7,6DI,24.9942588591039,383.840482158876,2,312.336360667262
2023-07-31 15.00.00.000,5,4DI,25.0680829753978,365.478902310581,2,294.409064742297
2023-07-31 15.00.00.000,8,7DI,29.4109539310212,443.332307609559,2,379.697149629857
2023-07-31 15.30.00.000,8,7DI,29.3817151639304,439.486265939628,2,379.312906907128
2023-08-03 06.00.00.000,16,6SI,15.982274222459,245.6211914939,2,171.194781930261
2023-08-03 06.00.00.000,19,3SI,17.0409338165021,260.103592864401,2,198.955890327009
2023-08-03 08.00.00.000,4,3DI,16.8704529623523,247.305719579918,2,184.344079929199
2023-08-04 07.00.00.000,20,2SI,18.6203419698949,281.974102396592,2,217.406477880517
2023-08-05 05.30.00.000,15,7SI,15.5029851143154,245.488242179062,2,186.81276831258
2023-08-05 06.00.00.000,16,6SI,16.0913162257856,244.014701426792,2,172.484433387236
2023-08-05 07.00.00.000,20,2SI,17.6280247142386,270.840438201063,2,205.336309100799
2023-08-06 06.00.00.000,16,6SI,16.7097998127215,255.141074275637,2,179.799305039189
2023-08-06 06.00.00.000,19,3SI,17.955454735937,271.523286666888,2,210.415260491087
2023-08-06 07.00.00.000,20,2SI,19.0049592015735,287.211554170244,2,222.084815252448
2023-08-07 05.30.00.000,18,4SI,10.7837906215887,193.275632589449,2,112.79151392429
2023-08-07 05.30.00.000,19,3SI,11.6773604092183,198.928332490491,2,131.747834425735
2023-08-07 05.30.00.000,9,8DI,12.299154585205,171.952215311803,2,106.614656310393
2023-08-07 06.00.00.000,18,4SI,11.9192070645448,216.212166846232,2,125.84630441751
2023-08-07 06.00.00.000,16,6SI,12.3786775995094,207.351114260032,2,128.574658552559
2023-08-07 06.00.00.000,9,8DI,12.5741035293255,179.320132864996,2,109.399991216442
2023-08-07 06.00.00.000,19,3SI,12.6300937690965,226.221624051323,2,143.686024145064
2023-08-07 06.00.00.000,15,7SI,12.9582130164125,217.721866826692,2,154.494148134517
2023-08-07 06.30.00.000,9,8DI,13.7519200415945,187.148182139782,2,121.331709867106
2023-08-07 06.30.00.000,20,2SI,14.1511545418804,230.502132289719,2,163.044985870935
2023-08-07 06.30.00.000,18,4SI,14.8284165505829,242.310797503943,2,159.29581149197
2023-08-07 06.30.00.000,16,6SI,14.9005250628091,231.139900504478,2,158.400818711851
2023-08-07 06.30.00.000,19,3SI,15.4723419350742,257.575486794233,2,179.300708445817
2023-08-07 07.00.00.000,20,2SI,16.0122581697977,263.133404475789,2,185.682740860544
2023-08-07 07.00.00.000,19,3SI,18.7401634876439,284.701815929909,2,220.248024144385
2023-08-07 07.30.00.000,20,2SI,19.3635365542832,292.57213201875,2,226.446413464229
2023-08-07 08.30.00.000,8,7DI,14.3359382928857,243.782486435856,2,181.58807628958
2023-08-07 09.00.00.000,8,7DI,15.2645837094592,252.895264262322,2,193.791916561141
2023-08-08 07.00.00.000,20,2SI,15.4815965158234,239.056643339525,2,179.227974814821
2023-08-10 05.30.00.000,15,7SI,15.1915963604025,241.502381793026,2,182.858129359361
2023-08-10 05.30.00.000,19,3SI,15.2438355991762,238.759009324391,2,176.437418353437
2023-08-11 14.00.00.000,7,6DI,24.8508207040862,383.821883626171,2,310.47818123223
2023-08-11 14.30.00.000,7,6DI,25.6503882988989,402.194185475645,2,320.836234578741
2023-08-11 15.00.00.000,7,6DI,26.7556025817612,407.065729553128,2,335.153808947041
2023-08-12 14.00.00.000,7,6DI,26.3109528400124,396.787245758675,2,329.393563314994
2023-08-26 06.30.00.000,20,2SI,18.5973227451477,278.642605515009,2,217.126480806705
2023-08-30 06.30.00.000,20,2SI,12.260048910702,200.026801614667,2,140.042297951836
2023-08-30 06.30.00.000,19,3SI,12.727202022208,213.048853628383,2,144.902835477362
2023-09-01 06.30.00.000,16,6SI,12.6782675132537,213.080224807373,2,132.117940562866
2023-09-01 06.30.00.000,19,3SI,14.4173029571552,236.161733700115,2,166.080582007403
2023-09-01 06.30.00.000,20,2SI,14.72669632398,236.00140348149,2,170.045656684754
2023-09-01 07.00.00.000,16,6SI,15.8048488478,244.245606637574,2,169.096353013401
2023-09-06 06.30.00.000,19,3SI,14.8925085259148,233.216427082138,2,172.035127606876
2023-09-07 06.30.00.000,15,7SI,13.7068075753042,220.458010485387,2,164.001303308106
2023-09-07 06.30.00.000,19,3SI,13.9855836572359,229.140294207397,2,160.670939472591
2023-09-07 06.30.00.000,20,2SI,14.6341038071688,237.368113802068,2,168.919396610892
2023-09-07 07.00.00.000,19,3SI,17.3079956317228,264.212657133808,2,202.302298410485
2023-10-06 08.30.00.000,16,6SI,12.1510936118236,203.883257126654,2,125.882998345036
2023-10-07 08.00.00.000,16,6SI,8.19022241379284,157.251091039801,2,79.0373502866013
2023-10-07 08.00.00.000,20,2SI,10.5375492481998,184.79996267548,2,119.090468755175
2023-10-07 08.00.00.000,19,3SI,10.6666817022064,184.922701730326,2,119.083562702178
2023-10-07 08.30.00.000,16,6SI,10.0255450656062,196.917862267555,2,100.743907940702
2023-10-07 09.00.00.000,16,6SI,14.9105404538587,229.714143782635,2,158.519271814924
2023-10-08 08.30.00.000,16,6SI,12.7076188597114,215.941125591319,2,132.465082082357
2023-10-09 08.30.00.000,16,6SI,13.2343644963935,222.967943027372,2,138.694959167125
2023-10-10 08.30.00.000,16,6SI,14.2380161999506,235.659398524317,2,150.565255404342
2023-10-11 08.00.00.000,16,6SI,10.3287721666132,175.172787822073,2,104.330207354482
2023-10-11 08.30.00.000,16,6SI,11.2326506882295,208.679597796142,2,115.020475478389
2023-10-11 09.00.00.000,16,6SI,15.5847440924206,244.409813091303,2,166.49315048775
2023-10-13 08.00.00.000,20,2SI,8.95395324205949,166.338340420057,2,99.8282106778843
2023-10-13 08.00.00.000,19,3SI,8.96892745363801,160.965929200477,2,97.8099166121555
2023-10-13 08.30.00.000,16,6SI,8.85852756146529,173.283586046986,2,86.9414668756661
2023-10-13 09.00.00.000,16,6SI,13.3005189627256,216.172543566553,2,139.477375128751
2023-11-30 13.00.00.000,10,9DI,-4.18826676440036,-14.199018635932,2,-69.3163693483405
2023-11-30 13.30.00.000,10,9DI,-4.46071794584688,-14.0674108618371,2,-72.7019872843497
2023-11-30 14.00.00.000,13,9SI,-5.37342499793388,-28.0596288846517,2,-89.3903439710701
2023-11-30 14.00.00.000,8,7DI,-5.19541131014736,-13.1313958180097,2,-75.0841331344367
2023-11-30 14.00.00.000,4,3DI,-4.90314628420668,-16.1572181858831,2,-79.9248590608782
2023-11-30 14.00.00.000,10,9DI,-4.73316912729499,-13.9358030877422,2,-76.0876052203787
2023-11-30 14.30.00.000,13,9SI,-5.7243790621725,-28.6780060492954,2,-93.5133206876421
2023-11-30 14.30.00.000,8,7DI,-5.49210602892408,-12.9541163845995,2,-78.9831616470917
2023-11-30 14.30.00.000,4,3DI,-5.22177563199971,-16.3212101907238,2,-83.7921039163961
2023-11-30 14.30.00.000,10,9DI,-5.00562030874151,-14.0709488044404,2,-79.4732231563878
2023-11-30 14.30.00.000,14,8SI,-4.88870299829949,-20.6311766290897,2,-72.1661781149467
2023-11-30 15.00.00.000,12,9SI,-6.47547218824209,-27.9596610177647,2,-86.3836985535414
2023-11-30 15.00.00.000,13,9SI,-6.07533312640794,-28.9279829000057,2,-97.6362974041766
2023-11-30 15.00.00.000,8,7DI,-5.788800747704,-12.5026237723852,2,-82.8821901597886
2023-11-30 15.00.00.000,7,6DI,-5.73046262070101,-19.6944983035372,2,-85.6891548853694
2023-11-30 15.00.00.000,4,3DI,-5.54040497979434,-16.4606189333986,2,-87.6593487719335
2023-11-30 15.00.00.000,10,9DI,-5.27807149018803,-14.5512820512802,2,-82.858841092397
2023-11-30 15.00.00.000,14,8SI,-5.17962544628429,-20.8058432643016,2,-75.220847738623
2023-11-30 15.30.00.000,12,9SI,-6.73134829796988,-27.4712651584755,2,-89.3817755090037
2023-11-30 15.30.00.000,13,9SI,-6.32371941166894,-27.8337785825687,2,-100.554317097348
2023-11-30 15.30.00.000,8,7DI,-6.01653925250343,-11.7181315871466,2,-85.8750271314189
2023-11-30 15.30.00.000,7,6DI,-5.93335300956919,-19.2946051850203,2,-88.3175123688705
2023-11-30 15.30.00.000,4,3DI,-5.74346805055061,-15.6199852775619,2,-90.1239510477978
2023-11-30 15.30.00.000,10,9DI,-5.51726058404854,-14.8576376924701,2,-85.8311272905059
2023-11-30 15.30.00.000,14,8SI,-5.4477097616176,-20.8875381019495,2,-78.0357182317912
2023-11-30 15.30.00.000,15,7SI,-4.87818264974729,-14.6735658512485,2,-72.0281786998983
2023-11-30 16.00.00.000,12,9SI,-6.84162977841768,-27.7548973738913,2,-90.6739335205372
2023-11-30 16.00.00.000,13,9SI,-6.36227713594372,-28.6415860148946,2,-101.007289767073
2023-11-30 16.00.00.000,8,7DI,-6.1132531946545,-12.4845067866632,2,-87.1459982480368
2023-11-30 16.00.00.000,7,6DI,-5.96364235827997,-20.2413876356401,2,-88.7098978179717
2023-11-30 16.00.00.000,4,3DI,-5.72990051225389,-17.3875964992476,2,-89.9592801126078
2023-11-30 16.00.00.000,10,9DI,-5.66906900160399,-17.3814438643463,2,-87.7175764465863
2023-11-30 16.00.00.000,14,8SI,-5.61573529883613,-21.5478472477536,2,-79.7999770853058
2023-11-30 16.00.00.000,15,7SI,-5.03063033023417,-16.0701823213878,2,-73.9642651128004
2023-11-30 16.30.00.000,12,9SI,-7.08983467260814,-28.2676972760713,2,-93.5821275457514
2023-11-30 16.30.00.000,9,8DI,-6.85638044496157,-22.4913314654399,2,-87.438026940399
2023-11-30 16.30.00.000,13,9SI,-6.56255116379103,-27.8337180541852,2,-103.360090996316
2023-11-30 16.30.00.000,8,7DI,-6.51496034792887,-13.6304241398158,2,-92.4250529302772
2023-11-30 16.30.00.000,7,6DI,-6.25337602128447,-20.0394206454663,2,-92.4632724634055
2023-11-30 16.30.00.000,10,9DI,-6.02381300724486,-16.9775098839706,2,-92.1258071681888
2023-11-30 16.30.00.000,4,3DI,-5.8865081306673,-18.8171302839412,2,-91.8600466642113
2023-11-30 16.30.00.000,14,8SI,-5.84861559960509,-21.2370143357475,2,-82.2452073713808
2023-11-30 16.30.00.000,15,7SI,-5.29300072026161,-17.2160996745403,2,-77.2963705647011
2023-11-30 17.00.00.000,12,9SI,-7.3828747969728,-28.7805039675172,2,-97.0156518588189
2023-11-30 17.00.00.000,9,8DI,-7.13389652480481,-23.9209132607217,2,-90.2493678846229
2023-11-30 17.00.00.000,13,9SI,-6.96258575632639,-28.750493158021,2,-108.059661335884
2023-11-30 17.00.00.000,8,7DI,-6.9327868721446,-13.6304241398158,2,-97.9159411334023
2023-11-30 17.00.00.000,7,6DI,-6.5567025240023,-20.3774527004918,2,-96.3927364848905
2023-11-30 17.00.00.000,14,8SI,-6.49201337403116,-20.4405947287971,2,-89.0008484403124
2023-11-30 17.00.00.000,5,4DI,-6.42106732517724,-21.6717081475648,2,-89.7269098491447
2023-11-30 17.00.00.000,10,9DI,-6.3763035145696,-17.4358974358956,2,-96.5060347654249
2023-11-30 17.00.00.000,20,2SI,-6.23015196523371,-22.4205986417963,2,-84.8654561674165
2023-11-30 17.00.00.000,4,3DI,-6.07779145303108,-19.2483082660916,2,-94.1816766379769
2023-11-30 17.00.00.000,15,7SI,-5.49683830814071,-17.1344709652448,2,-79.8851090950024
2023-11-30 17.30.00.000,12,9SI,-7.52727000509096,-29.211701382757,2,-98.7075172947862
2023-11-30 17.30.00.000,11,9DI,-7.46081224198637,-23.3727414563943,2,-93.3907932313995
2023-11-30 17.30.00.000,13,9SI,-7.25007028527455,-28.750493158021,2,-111.437003672122
2023-11-30 17.30.00.000,9,8DI,-7.15382421450844,-24.3793146340137,2,-90.4512427814551
2023-11-30 17.30.00.000,8,7DI,-6.95712408287683,-13.5760162237253,2,-98.2357698076527
2023-11-30 17.30.00.000,7,6DI,-6.6102783256467,-21.4302752373372,2,-97.086787888568
2023-11-30 17.30.00.000,5,4DI,-6.57607932179209,-22.7789386005008,2,-91.6179003593563
2023-11-30 17.30.00.000,14,8SI,-6.54297740109605,-19.523791982241,2,-89.5359679075577
2023-11-30 17.30.00.000,10,9DI,-6.43478069639713,-17.5175093100524,2,-97.232702180084
2023-11-30 17.30.00.000,4,3DI,-6.30369516641925,-18.964699663355,2,-96.9234986938984
2023-11-30 17.30.00.000,15,7SI,-5.30327681940036,-16.4468689053068,2,-77.426877082456
2023-11-30 18.00.00.000,11,9DI,-7.55163202172793,-23.6291415884457,2,-94.4500040256049
2023-11-30 18.00.00.000,12,9SI,-7.41962263003172,-28.9281074169944,2,-97.4462228549715
2023-11-30 18.00.00.000,13,9SI,-7.24696743959851,-28.6417178232044,2,-111.400551720767
2023-11-30 18.00.00.000,9,8DI,-7.09534625846796,-24.2705392992111,2,-89.8588393710148
2023-11-30 18.00.00.000,8,7DI,-6.73741312014164,-13.1991851280943,2,-95.3484271822788
2023-11-30 18.00.00.000,14,8SI,-6.72103800311003,-19.523791982241,2,-91.4055943867561
2023-11-30 18.00.00.000,10,9DI,-6.47774442406221,-17.9875775355238,2,-97.7665914669956
2023-11-30 18.00.00.000,7,6DI,-6.42601203228384,-22.6306943965168,2,-94.6996975299806
2023-11-30 18.00.00.000,4,3DI,-6.22528676938185,-18.5062870666325,2,-95.9718460223144
2023-11-30 18.00.00.000,20,2SI,-6.15044275484666,-24.281460912887,2,-83.8959037211745
2023-11-30 18.00.00.000,15,7SI,-5.43395748113095,-16.4740627390039,2,-79.0865222328289
2023-11-30 18.30.00.000,11,9DI,-7.69961058375038,-23.9398992392475,2,-96.1758449233831
2023-11-30 18.30.00.000,12,9SI,-7.3748724751711,-28.5512157996681,2,-96.9218893867796
2023-11-30 18.30.00.000,13,9SI,-7.20221728473948,-27.7520325417264,2,-110.874830934638
2023-11-30 18.30.00.000,9,8DI,-7.05548124062676,-23.4080344271066,2,-89.4549919364356
2023-11-30 18.30.00.000,8,7DI,-6.8991197795983,-13.8868343962223,2,-97.4735033498198
2023-11-30 18.30.00.000,7,6DI,-6.66302724721869,-23.116307651295,2,-97.7701274175313
2023-11-30 18.30.00.000,5,4DI,-6.48705296108873,-23.9249229949145,2,-90.5318682655499
2023-11-30 18.30.00.000,14,8SI,-6.47828203350161,-19.6325136197069,2,-88.8566701237249
2023-11-30 18.30.00.000,10,9DI,-6.42415130878362,-16.045124516383,2,-97.1006159649976
2023-11-30 18.30.00.000,20,2SI,-6.29531911112472,-23.5122704166385,2,-85.6581244852488
2023-11-30 18.30.00.000,4,3DI,-6.21908235789625,-18.6693695228174,2,-95.8965422922424
2023-11-30 18.30.00.000,15,7SI,-5.46808174430018,-16.7848203898197,2,-79.519900569982
2023-11-30 19.00.00.000,11,9DI,-8.07173853091993,-24.6275887804026,2,-100.515890005954
2023-11-30 19.00.00.000,12,9SI,-7.23975447161521,-29.2389053408092,2,-95.3387241074577
2023-11-30 19.00.00.000,8,7DI,-7.16359643420379,-13.8596645381348,2,-100.949136557887
2023-11-30 19.00.00.000,9,8DI,-7.13522307229109,-23.8393242630991,2,-90.2628063032715
2023-11-30 19.00.00.000,13,9SI,-7.04229087149016,-28.0627719630362,2,-108.996029845321
2023-11-30 19.00.00.000,7,6DI,-6.88896213663802,-23.2911977821809,2,-100.697016466845
2023-11-30 19.00.00.000,20,2SI,-6.65061265159206,-22.7430713012766,2,-89.9797796568583
2023-11-30 19.00.00.000,10,9DI,-6.62084758665164,-15.1553749862824,2,-99.5448646658494
2023-11-30 19.00.00.000,14,8SI,-6.61960213947966,-20.495093291734,2,-90.3405234253044
2023-11-30 19.00.00.000,4,3DI,-6.12959462268121,-20.0990883212748,2,-94.8104182862795
2023-11-30 19.00.00.000,15,7SI,-5.71838229349707,-17.4725099309468,2,-82.6987189743967
2023-11-30 19.30.00.000,11,9DI,-8.09302075700033,-24.6275887803886,2,-100.764099852457
2023-11-30 19.30.00.000,12,9SI,-7.40722787387839,-29.2660610753396,2,-97.3009946317059
2023-11-30 19.30.00.000,8,7DI,-7.1804365879743,-13.5761126707271,2,-101.170442282435
2023-11-30 19.30.00.000,13,9SI,-7.00065455478883,-28.7776488925374,2,-108.50689014923
2023-11-30 19.30.00.000,9,8DI,-6.91061575149561,-23.7458625375019,2,-87.9874507358339
2023-11-30 19.30.00.000,7,6DI,-6.78265030873055,-22.914184189176,2,-99.3197925873698
2023-11-30 19.30.00.000,20,2SI,-6.74411198155085,-22.0553501062918,2,-91.1170698601277
2023-11-30 19.30.00.000,14,8SI,-6.4982071262261,-20.0366124950541,2,-89.0658824960118
2023-11-30 19.30.00.000,10,9DI,-6.4883970438738,-15.5475497918955,2,-97.8989663772754
2023-11-30 19.30.00.000,4,3DI,-5.80973100350093,-20.6390363215458,2,-90.9281929221998
2023-11-30 19.30.00.000,15,7SI,-5.40161819468395,-17.3910427272998,2,-78.6758131102433
2023-11-30 20.00.00.000,11,9DI,-7.782045225444,-24.6004458490111,2,-97.1372617264937
2023-11-30 20.00.00.000,12,9SI,-7.27652664529894,-29.359600940328,2,-95.7695803004831
2023-11-30 20.00.00.000,8,7DI,-7.05244277642602,-13.0904606956112,2,-99.4884051948603
2023-11-30 20.00.00.000,13,9SI,-6.86375669191189,-29.0340463457911,2,-106.898626394216
2023-11-30 20.00.00.000,14,8SI,-6.54254637472166,-19.982326632299,2,-89.5314421544507
2023-11-30 20.00.00.000,7,6DI,-6.51640492578895,-23.574804823385,2,-95.8706984799262
2023-11-30 20.00.00.000,20,2SI,-6.39324922716249,-22.1096359690609,2,-86.8493090811586
2023-11-30 20.00.00.000,10,9DI,-6.21595502663152,-17.0045057172012,2,-94.5134623203623
2023-11-30 20.00.00.000,4,3DI,-5.74195892632065,-21.4082286812649,2,-90.1056346153817
2023-11-30 20.00.00.000,15,7SI,-5.34449477746788,-16.7304220931048,2,-77.9503453853336
2023-11-30 20.30.00.000,12,9SI,-7.24865628615813,-28.1861306901332,2,-95.4430258536087
2023-11-30 20.30.00.000,13,9SI,-6.80218367433235,-29.2633136708341,2,-106.175272133024
2023-11-30 20.30.00.000,8,7DI,-6.60321252780385,-12.9154606206122,2,-93.5848233739684
2023-11-30 20.30.00.000,14,8SI,-6.23950690361725,-19.578059232271,2,-86.3495444577631
2023-11-30 20.30.00.000,7,6DI,-6.23021678390152,-23.318403873334,2,-92.1632545314215
2023-11-30 20.30.00.000,20,2SI,-6.0176177085563,-22.6495714941708,2,-82.2802704972634
2023-11-30 20.30.00.000,10,9DI,-5.88058069345272,-17.6109068172641,2,-90.3459290703361
2023-11-30 20.30.00.000,4,3DI,-5.60815497509107,-22.0146297813279,2,-88.4816390681269
2023-11-30 20.30.00.000,15,7SI,-5.07688687500712,-17.0139566681638,2,-74.5517234956152
2023-11-30 21.00.00.000,12,9SI,-6.99789251775975,-27.8211983730076,2,-92.5048497335329
2023-11-30 21.00.00.000,13,9SI,-6.69589727675677,-29.3718382194269,2,-104.926629113479
2023-11-30 21.00.00.000,8,7DI,-6.33559143957826,-13.3197516091129,2,-90.0678674339316
2023-11-30 21.00.00.000,14,8SI,-6.06545815421589,-20.0366124950541,2,-84.52204220925
2023-11-30 21.00.00.000,7,6DI,-6.01178656813493,-22.9806026933427,2,-89.3335852925998
2023-11-30 21.00.00.000,10,9DI,-5.70376977000131,-16.8145523744757,2,-88.1487859691713
2023-11-30 21.00.00.000,4,3DI,-5.55724994309569,-21.3539310242805,2,-87.8637982305906
2023-11-30 21.30.00.000,12,9SI,-6.82694551113807,-26.7290406301702,2,-90.5018793049808
2023-11-30 21.30.00.000,13,9SI,-6.43584311859453,-30.2618357697261,2,-101.871536301043
2023-11-30 21.30.00.000,8,7DI,-6.27711402991752,-12.8340744438342,2,-89.2993836248718
2023-11-30 21.30.00.000,7,6DI,-5.92716463895174,-22.1177240697776,2,-88.2373446964943
2023-11-30 21.30.00.000,10,9DI,-5.72202277064462,-15.7889601904781,2,-88.3756071047445
2023-11-30 21.30.00.000,14,8SI,-5.67777558375574,-20.1179692752703,2,-80.4513966478074
2023-11-30 21.30.00.000,4,3DI,-5.33262286037969,-21.5018533633366,2,-85.1374708032509
2023-11-30 22.00.00.000,12,9SI,-6.4653956498564,-27.1334007247088,2,-86.2656326756557
2023-11-30 22.00.00.000,8,7DI,-6.20316555713974,-12.6047831141757,2,-88.327586064684
2023-11-30 22.00.00.000,13,9SI,-6.20192725957263,-30.0867670048879,2,-99.1235138711664
2023-11-30 22.00.00.000,14,8SI,-5.46381750229653,-20.8600658291219,2,-78.2048486185964
2023-11-30 22.00.00.000,10,9DI,-5.41276407090839,-14.8989061541915,2,-84.5326000928649
2023-11-30 22.00.00.000,4,3DI,-5.17714374367674,-20.97664706878,2,-83.2504010202111
2023-11-30 22.30.00.000,12,9SI,-6.26381954337998,-26.7561261964847,2,-83.9037838878119
2023-11-30 22.30.00.000,13,9SI,-5.99276034375483,-30.5318110495696,2,-96.6662397955266
2023-11-30 22.30.00.000,8,7DI,-5.96757184957824,-12.645444824067,2,-85.231519552372
2023-11-30 22.30.00.000,14,8SI,-5.18998882076758,-21.4270950035055,2,-75.3296625978824
2023-11-30 22.30.00.000,10,9DI,-5.18644789091859,-15.1688668381002,2,-81.7202793162968
2023-11-30 23.00.00.000,13,9SI,-6.00821853109473,-30.3494195208959,2,-96.8478411872104
2023-11-30 23.00.00.000,8,7DI,-5.53852666974611,-12.935206255763,2,-79.5932008243546
2023-11-30 23.00.00.000,14,8SI,-5.08539979319769,-22.2088241952056,2,-74.2314835893506
2023-11-30 23.00.00.000,10,9DI,-4.83893611922931,-15.5670127558551,2,-77.4019200382824
2023-11-30 23.30.00.000,12,9SI,-6.2546804529854,-26.7352818458256,2,-83.7967020022266
2023-11-30 23.30.00.000,13,9SI,-6.14668727692078,-29.7084081245815,2,-98.4745595335338
2023-11-30 23.30.00.000,8,7DI,-5.67235855391948,-12.4223971387087,2,-81.3519592358483
2023-11-30 23.30.00.000,14,8SI,-5.08385417264627,-20.9268014025488,2,-74.2152546589918
2023-11-30 23.30.00.000,10,9DI,-5.00046175256693,-16.0798218729094,2,-79.409120295039
2023-12-01 00.00.00.000,12,9SI,-6.24612535532179,-26.0942704494972,2,-83.696462706013
2023-12-01 00.00.00.000,13,9SI,-6.18270445773369,-29.0673967282391,2,-98.8976861276377
2023-12-01 00.00.00.000,8,7DI,-5.68151258163485,-11.9095880216404,2,-81.4722573497312
2023-12-01 00.00.00.000,14,8SI,-5.05842027578342,-19.644778609892,2,-73.9482001477404
2023-12-01 00.00.00.000,10,9DI,-5.02732490566128,-16.5926309899637,2,-79.7429355952742
2023-12-01 00.30.00.000,13,9SI,-5.90493285265742,-28.5211622453901,2,-95.634450345659
2023-12-01 00.30.00.000,8,7DI,-5.52069744185486,-11.5186353198134,2,-79.3588971326905
2023-12-01 00.30.00.000,14,8SI,-4.94146381048874,-18.6064683317594,2,-72.720163726684
2023-12-01 00.30.00.000,10,9DI,-4.91036844036819,-17.0106630355804,2,-78.2895746499253
2023-12-01 01.00.00.000,13,9SI,-5.62716124758114,-28.6963398834744,2,-92.3712145636804
2023-12-01 01.00.00.000,8,7DI,-5.35988230207327,-12.0648859640893,2,-77.2455369156289
2023-12-01 01.00.00.000,14,8SI,-4.82450734519246,-19.5779452567736,2,-71.4921273056109
2023-12-01 01.00.00.000,10,9DI,-4.7934119750719,-16.7208199411946,2,-76.8362137045368
2023-12-01 01.30.00.000,13,9SI,-5.37563726069046,-28.2105990302975,2,-89.416333434552
2023-12-01 01.30.00.000,8,7DI,-5.18671498277176,-11.8355523449561,2,-74.9698499125019
2023-12-01 01.30.00.000,10,9DI,-4.67491136800355,-16.9628982603731,2,-75.3636644625459
2023-12-01 02.00.00.000,13,9SI,-5.34331011654183,-27.8459219766704,2,-89.0365570586117
2023-12-01 02.00.00.000,8,7DI,-4.92592241394449,-11.7272800152512,2,-71.5426313022802
2023-12-01 02.00.00.000,10,9DI,-4.54178996615634,-15.0740689633564,2,-73.7094297355475
2023-12-01 02.30.00.000,13,9SI,-5.27865658959535,-26.7262743364811,2,-88.2770132510114
2023-12-01 02.30.00.000,10,9DI,-4.38633083288694,-14.5612581558733,2,-71.7776149160304
2023-12-01 03.00.00.000,13,9SI,-5.1617000488493,-26.9285681697651,2,-86.9030183511578
2023-12-01 03.00.00.000,10,9DI,-4.16167788485326,-14.1837236826457,2,-68.9859623116922
2024-02-19 10.30.00.000,21,1SI,8.89809844642227,144.787050311522,2,69.2623382556848
2024-02-25 08.30.00.000,19,3SI,-3.20889560452199,10.3077867367084,2,-54.7838395835167
2024-03-02 09.00.00.000,19,3SI,3.95149179211282,103.356181765272,2,34.9391267833265
2024-03-04 05.30.00.000,13,9SI,1.81475879601573,58.3698500369092,2,-4.94420860235902
2024-03-04 06.00.00.000,13,9SI,1.81897711740851,80.7366863291743,2,-4.89465214281734
2024-03-04 06.30.00.000,13,9SI,1.82319543880288,80.7366863291743,2,-4.84509568325691
2024-06-05 01.00.00.000,12,9SI,14.1746489253707,215.025411537625,2,155.571880277524
2024-06-05 01.30.00.000,12,9SI,13.8299032605621,212.32633924196,2,151.532526880062
2024-06-05 02.00.00.000,12,9SI,13.5791293946233,208.628661686551,2,148.594232448029
2024-06-05 02.30.00.000,12,9SI,13.5683402497786,205.430382515358,2,148.467817025493
2024-06-05 03.00.00.000,12,9SI,13.3605788402093,202.798822594489,2,146.033495607497
2024-06-05 03.30.00.000,12,9SI,13.1543722108306,200.477687551882,2,143.617391406673
2024-06-05 04.00.00.000,12,9SI,12.832725442537,199.735453633548,2,139.848685665266
2024-06-05 04.30.00.000,12,9SI,12.4603154599642,202.002433399335,2,135.48519198888
2024-06-05 04.30.00.000,10,9DI,12.8034975467735,197.152345484882,2,141.831997529427
2024-06-05 05.00.00.000,15,7SI,12.2775952776034,203.133382558232,2,145.850298964231
2024-06-05 05.00.00.000,12,9SI,12.8173323764745,206.307470690291,2,139.668326519252
2024-06-05 05.00.00.000,10,9DI,12.9743098275819,199.878442870123,2,143.954598424477
2024-06-05 05.30.00.000,12,9SI,13.9237811440724,208.912054112989,2,152.63248544782
2024-06-05 07.00.00.000,20,2SI,14.7729019324128,232.676705209717,2,170.607684089977
2024-06-05 07.30.00.000,20,2SI,17.3024205799904,263.820554911007,2,201.375784547438
2024-06-05 08.30.00.000,21,1SI,17.0799627963804,237.507236283426,2,159.408257352142
2024-06-05 09.00.00.000,21,1SI,19.5959532026695,273.141797420291,2,187.128866972608
2024-06-05 13.00.00.000,8,7DI,20.6262943640707,328.908659513274,2,264.25310577654
2024-06-05 13.30.00.000,8,7DI,21.2493282085728,349.650910869017,2,272.440736261095
2024-06-05 14.00.00.000,8,7DI,21.8609177532352,361.605220389958,2,280.477970905891
2024-06-05 14.30.00.000,8,7DI,22.1065255253243,362.470584753408,2,283.705637748946
2024-06-05 15.00.00.000,8,7DI,22.3521332974151,363.335949116873,2,286.933304592023
2024-06-05 15.00.00.000,3,2DI,23.3387178828579,358.940207696553,2,284.846192577675
2024-06-05 15.30.00.000,3,2DI,22.0026767927872,358.236910742772,2,268.043424307975
2024-06-05 15.30.00.000,8,7DI,22.5977410695043,364.201313480323,2,290.160971435079
2024-06-05 16.00.00.000,3,2DI,21.006872253736,351.019990258017,2,255.519653118641
2024-06-05 16.00.00.000,8,7DI,22.8433488415935,365.066677843788,2,293.388638278135
2024-06-05 16.30.00.000,3,2DI,20.4861752565529,338.366458746042,2,248.971088821166
2024-06-05 16.30.00.000,8,7DI,23.0889566136827,365.932042207239,2,296.61630512119
2024-06-05 17.00.00.000,3,2DI,20.4692279603398,322.346925116527,2,248.757950547813
2024-06-05 17.00.00.000,8,7DI,23.3345643857718,366.797406570689,2,299.843971964246
2024-06-05 17.30.00.000,8,7DI,23.5801721578626,367.662770934154,2,303.071638807323
2024-06-05 20.30.00.000,12,9SI,19.1338070020656,273.288465011151,2,213.677881514024
2024-06-05 21.00.00.000,12,9SI,18.4256922494043,269.46825367693,2,205.380965776031
2024-06-05 21.30.00.000,12,9SI,17.968440998489,265.529572808541,2,200.02339472462
2024-06-05 22.00.00.000,12,9SI,17.5608090346335,261.15556282713,2,195.24720831767
2024-06-05 22.30.00.000,12,9SI,17.1696421463326,257.068276789015,2,190.663941693825
2024-06-05 23.00.00.000,12,9SI,17.0755272194998,253.448182457438,2,189.561205711155
2024-06-05 23.30.00.000,12,9SI,17.1954235416259,250.832743754192,2,190.966019942516
2024-06-06 01.30.00.000,12,9SI,16.2497799631271,238.053666554879,2,179.886000694942
2024-06-06 02.00.00.000,12,9SI,15.8123675168546,234.622774630435,2,174.760879101539
2024-06-06 02.30.00.000,12,9SI,15.6889687569211,232.181955034489,2,173.315027126992
2024-06-06 03.00.00.000,12,9SI,15.4849183587973,229.386969435165,2,170.924187290406
2024-06-06 03.30.00.000,12,9SI,15.0691148283234,226.689829207051,2,166.052255385392
2024-06-06 04.00.00.000,12,9SI,14.7936821129693,222.992626587732,2,162.825035471966
2024-06-06 04.30.00.000,12,9SI,14.5995053711439,220.761094659205,2,160.54988436242
2024-06-06 05.00.00.000,12,9SI,14.4796542935869,221.29920853254,2,159.145600257533
2024-06-06 05.30.00.000,12,9SI,14.7659329987858,224.518210376552,2,162.499901641158
2024-06-06 06.30.00.000,20,2SI,16.214779531872,258.936640002237,2,188.146133498131
2024-06-06 07.00.00.000,20,2SI,18.8755009747199,292.319626077859,2,220.510134736575
2024-06-06 08.30.00.000,21,1SI,18.7068091080076,257.165442899602,2,177.332479719757
2024-06-06 09.00.00.000,21,1SI,21.1468908308617,290.907720571116,2,204.216744744057
2024-06-06 20.30.00.000,12,9SI,18.0408313996132,258.172924035296,2,200.871586428167
2024-06-06 21.00.00.000,12,9SI,17.5602803723865,256.461375340433,2,195.241014030515
2024-06-06 21.30.00.000,12,9SI,17.6384986597648,253.72425004761,2,196.157490543832
2024-06-06 23.00.00.000,12,9SI,16.5789468254093,243.235601146723,2,183.742818689245
2024-06-06 23.30.00.000,12,9SI,15.8044638203903,240.862303671202,2,174.66827221355
2024-06-07 00.00.00.000,12,9SI,15.4012897848939,237.934514855904,2,169.944318945117
2024-06-07 00.30.00.000,12,9SI,15.3598088950882,234.428272291706,2,169.458291156313
2024-06-07 01.00.00.000,12,9SI,15.374776095763,230.96976755429,2,169.633660476562
2024-06-07 01.30.00.000,12,9SI,15.3693285385471,227.976391086892,2,169.56983194732
2024-06-07 02.00.00.000,12,9SI,15.144930205312,225.030721607842,2,166.94057721763
2024-06-07 02.30.00.000,12,9SI,14.9626956940234,222.550245878259,2,164.805352130124
2024-06-07 03.00.00.000,12,9SI,14.8110720246462,220.009926848783,2,163.028791475258
2024-06-07 03.30.00.000,12,9SI,14.464969375184,217.678579405051,2,158.973538412825
2024-06-07 04.00.00.000,12,9SI,13.9380144511259,216.64039577726,2,152.799255803687
2024-06-07 04.30.00.000,12,9SI,13.5986016842285,218.542558569789,2,148.822387482892
2024-06-07 05.00.00.000,12,9SI,14.2804767823467,222.203238912768,2,156.811855590512
2024-06-07 06.30.00.000,20,2SI,15.718166825908,247.903292527679,2,182.105525874943
2024-06-07 07.00.00.000,20,2SI,17.5585621179252,274.508817868809,2,204.491392561657
2024-06-07 20.30.00.000,12,9SI,20.9054503326466,294.04933468034,2,234.436064246926
2024-06-07 21.00.00.000,12,9SI,20.8328581555243,291.271214125454,2,233.585508352478
2024-06-07 22.30.00.000,12,9SI,19.7940724113531,280.823369750564,2,221.414150875707
2024-06-07 23.00.00.000,12,9SI,19.3461334648658,278.087648226546,2,216.165691242854
2024-06-07 23.30.00.000,12,9SI,19.4148306646783,274.540349174458,2,216.970610044698
2024-06-08 03.00.00.000,12,9SI,17.345682007388,250.995517333383,2,192.726584631591
2024-06-08 03.30.00.000,12,9SI,17.1654060653804,248.857824622344,2,190.614307921068
2024-06-08 04.00.00.000,12,9SI,17.1289880113252,246.594081208073,2,190.187600915314
2024-06-08 05.00.00.000,12,9SI,17.2507901667766,248.198269989049,2,191.614745621293
2024-06-08 09.30.00.000,12,9SI,16.8171987527258,244.607248505347,2,186.534394712665
2024-06-09 02.00.00.000,12,9SI,14.8119185490526,220.121284454427,2,163.038710124239
2024-06-09 02.30.00.000,12,9SI,14.4902916867339,217.836479124456,2,159.270237619318
2024-06-09 03.00.00.000,12,9SI,14.2537801812387,213.756920840863,2,156.499053959065
2024-06-09 03.30.00.000,12,9SI,14.0881876941421,210.761094659196,2,154.558821945649
2024-06-09 04.00.00.000,12,9SI,13.8907520250844,210.65449137035,2,152.245486284036
2024-06-09 04.30.00.000,12,9SI,13.8053446997299,211.890374022718,2,151.244776470816
2024-06-09 05.00.00.000,12,9SI,13.7931881843351,212.985360488934,2,151.102339692711
2024-06-09 05.30.00.000,12,9SI,13.8490359662763,211.78673568485,2,151.756703041558
2024-06-09 06.00.00.000,12,9SI,14.060930479616,211.360466170425,2,154.2394516581
2024-06-09 17.30.00.000,12,9SI,16.4573802651431,240.897020825427,2,182.318434430485
2024-06-09 18.00.00.000,12,9SI,15.9696694483054,235.536953018233,2,176.603971433347
2024-06-09 18.30.00.000,12,9SI,15.7158717435777,231.148371564534,2,173.63024695902
2024-06-09 19.00.00.000,12,9SI,15.6353164513093,229.716309342187,2,172.686387973328
2024-06-09 19.30.00.000,12,9SI,15.6182101968051,229.178998926182,2,172.485955555163
2024-06-09 20.00.00.000,12,9SI,15.5696800743196,228.415244413316,2,171.917332552319
2024-06-09 20.30.00.000,12,9SI,15.3556675112094,225.638443774159,2,169.409766940497
2024-06-09 21.00.00.000,12,9SI,15.0533256129724,222.242502796353,2,165.867254594427
2024-06-09 23.30.00.000,12,9SI,14.1612090773139,211.386415781159,2,155.41440680809
2024-06-10 00.30.00.000,12,9SI,13.6420306317456,205.551691473109,2,149.33124048558
2024-06-10 05.30.00.000,12,9SI,12.9031246097791,196.732274946925,2,140.673546263689
2024-06-10 15.30.00.000,3,2DI,22.7609701597143,349.235909145332,2,277.580127796826
2024-06-10 20.30.00.000,12,9SI,18.6783782396401,265.668973958642,2,208.341664393421
2024-06-10 21.00.00.000,12,9SI,18.0804511505876,260.585208572271,2,201.335807423648
2024-06-10 21.30.00.000,12,9SI,17.5380597377338,255.73099642924,2,194.980656888307
2024-06-10 22.00.00.000,12,9SI,16.7949926401139,251.946711037691,2,186.274207723879
2024-06-10 22.30.00.000,12,9SI,16.0952477607057,247.977322191624,2,178.075361024638
2024-06-10 23.00.00.000,12,9SI,15.7956291815552,243.953820162194,2,174.564757559019
2024-06-10 23.30.00.000,12,9SI,15.8450951800772,240.497290304861,2,175.144346135714
2024-06-11 00.00.00.000,10,9DI,15.0334148751698,224.783027903896,2,169.542092463694
2024-06-11 00.00.00.000,12,9SI,15.8420099898777,237.410514907564,2,175.108197244557
2024-06-11 00.30.00.000,10,9DI,14.7553563086324,223.794468583793,2,166.086794288323
2024-06-11 00.30.00.000,12,9SI,15.7050863084454,235.4924229027,2,173.503875002845
2024-06-11 01.00.00.000,10,9DI,14.421346484277,220.584436262974,2,161.936217123867
2024-06-11 01.00.00.000,12,9SI,15.3289071136482,232.777989652249,2,169.096217811848
2024-06-11 01.30.00.000,10,9DI,14.3620330617619,217.00493859648,2,161.199158154083
2024-06-11 01.30.00.000,12,9SI,14.9670767651004,230.213995822361,2,164.856684738901
2024-06-11 02.00.00.000,10,9DI,14.1320458136091,212.468378216489,2,158.341218804121
2024-06-11 02.00.00.000,12,9SI,14.5273538335986,226.378192311579,2,159.704491401561
2024-06-11 02.30.00.000,12,9SI,14.3297060233588,222.220973236738,2,157.388670101136
2024-06-11 03.00.00.000,10,9DI,13.7772747504099,209.186301120672,2,153.93265185144
2024-06-11 03.00.00.000,12,9SI,14.1472551818592,219.639880964566,2,155.25091029235
2024-06-11 03.30.00.000,10,9DI,13.4747460579874,209.169284828959,2,150.173275357695
2024-06-11 03.30.00.000,12,9SI,13.9495977416246,218.108031126576,2,152.934976158157
2024-06-11 04.00.00.000,10,9DI,13.2287486568123,210.201304542156,2,147.116385645533
2024-06-11 04.00.00.000,12,9SI,13.7308956050379,219.451490520036,2,150.372463243183
2024-06-11 04.30.00.000,15,7SI,11.4190372476355,201.973496070591,2,134.946607079907
2024-06-11 04.30.00.000,13,9SI,11.8758700249648,174.610456204125,2,113.252819347125
2024-06-11 04.30.00.000,10,9DI,13.0743505476842,213.367141936886,2,145.197755655475
2024-06-11 04.30.00.000,12,9SI,13.63885652562,221.881968920752,2,149.294049774655
2024-06-11 04.30.00.000,14,8SI,14.2053849859717,179.140598100569,2,128.320690331871
2024-06-11 05.00.00.000,13,9SI,11.9611796962313,175.146248244556,2,114.255029676541
2024-06-11 05.00.00.000,20,2SI,12.2728716162815,200.620739576768,2,140.198268453885
2024-06-11 05.00.00.000,19,3SI,12.5692958782868,206.901355052972,2,142.924198449033
2024-06-11 05.00.00.000,15,7SI,12.7778183024004,230.206802300045,2,152.203134236223
2024-06-11 05.00.00.000,10,9DI,13.4730721320107,217.520210029915,2,150.152474296088
2024-06-11 05.00.00.000,12,9SI,14.0056719064408,225.321130224676,2,153.591992014429
2024-06-11 05.00.00.000,14,8SI,15.6301225645046,195.160331727535,2,143.280356156908
2024-06-11 05.30.00.000,20,2SI,12.534803881839,207.460563067952,2,143.384312671208
2024-06-11 05.30.00.000,10,9DI,14.6070906559576,220.434605581599,2,164.244369343329
2024-06-11 05.30.00.000,12,9SI,14.7786738853778,227.53369203842,2,162.64918544309
2024-06-11 05.30.00.000,19,3SI,14.8660686705753,239.932974896006,2,171.703823988795
2024-06-11 05.30.00.000,15,7SI,16.2390647227719,260.601007591742,2,196.160983544162
2024-06-11 06.00.00.000,20,2SI,13.2925566567074,224.451230287587,2,152.601328533652
2024-06-11 06.30.00.000,20,2SI,14.6553975056936,253.386165107454,2,169.178405041586
2024-06-11 07.00.00.000,20,2SI,17.5369144652968,286.344531740584,2,204.22807876819
2024-06-11 08.30.00.000,21,1SI,19.3630406745446,261.449612341648,2,184.562689752008
2024-06-11 09.00.00.000,21,1SI,22.0186411327919,296.331204185327,2,213.82149114767
2024-06-11 15.00.00.000,3,2DI,22.4322466671989,348.79549203846,2,273.445925106061
2024-06-11 15.30.00.000,3,2DI,21.2082385152363,342.059155788579,2,258.052143065598
2024-06-11 16.00.00.000,3,2DI,20.3636029704939,323.804205055519,2,247.429554107719
2024-06-11 19.30.00.000,12,9SI,19.3019233010522,274.830231095411,2,215.647684800331
2024-06-11 20.00.00.000,12,9SI,18.6453015923594,268.858570779734,2,207.954108344981
2024-06-11 20.00.00.000,20,2SI,19.030245989256,285.24157855981,2,222.392394097303
2024-06-11 20.30.00.000,12,9SI,18.4337036870714,265.511604084405,2,205.474835057831
2024-06-11 20.30.00.000,20,2SI,18.5177785145977,278.802202112666,2,216.158935112302
2024-06-11 21.00.00.000,12,9SI,17.9897562736091,264.29022810669,2,200.273143852059
2024-06-11 21.00.00.000,20,2SI,18.1807490940037,274.368875991352,2,212.05943773169
2024-06-11 21.30.00.000,12,9SI,17.4206021454283,263.098365331014,2,193.604417031018
2024-06-11 21.30.00.000,20,2SI,18.0312034561132,270.658071181648,2,210.240421606231
2024-06-11 22.00.00.000,12,9SI,17.0405012863564,259.929973885958,2,189.150810058694
2024-06-11 22.30.00.000,12,9SI,16.9857332599605,255.858418528959,2,188.509098106733
2024-06-11 23.00.00.000,12,9SI,17.154104603102,252.66047542167,2,190.481889722058
2024-06-11 23.30.00.000,12,9SI,17.1593912850272,248.98056203015,2,190.543833290247
2024-06-12 01.00.00.000,12,9SI,15.9929601667931,238.996059308262,2,176.876866649897
2024-06-12 01.30.00.000,12,9SI,15.4066352427834,237.306824173174,2,170.006951185899
2024-06-12 02.00.00.000,10,9DI,15.169224013462,226.33449043323,2,171.229726380474
2024-06-12 02.00.00.000,12,9SI,15.2707354053235,233.444631688354,2,168.414625230291
2024-06-12 02.30.00.000,10,9DI,14.9216053732632,225.445069831837,2,168.152690321771
2024-06-12 02.30.00.000,12,9SI,15.2828700596218,226.898958627428,2,168.55680586393
2024-06-12 03.00.00.000,10,9DI,14.6824525788377,223.996371366187,2,165.180855199035
2024-06-12 03.30.00.000,10,9DI,14.2696943737878,220.859639187074,2,160.051710319456
2024-06-12 04.00.00.000,10,9DI,14.0495672359752,221.312307688039,2,157.316297751142
2024-06-12 04.30.00.000,10,9DI,14.0771228968285,224.93215937649,2,157.658718507507
2024-06-12 04.30.00.000,14,8SI,14.8458542314952,186.238018223566,2,135.045582009193
2024-06-12 04.30.00.000,12,9SI,15.0454573252446,223.114060345408,2,165.775062587363
2024-06-12 05.00.00.000,15,7SI,14.0742296484987,230.596451778631,2,168.667565736241
2024-06-12 05.00.00.000,10,9DI,14.4073563948583,229.849100455878,2,161.762369106726
2024-06-12 05.00.00.000,12,9SI,15.2673505468556,227.5935921996,2,168.374965153464
2024-06-12 05.00.00.000,14,8SI,16.0859861681593,202.572548432517,2,148.066898798322
2024-06-12 05.30.00.000,10,9DI,15.0196602025254,230.769519499797,2,169.371169855975
2024-06-12 05.30.00.000,19,3SI,15.2965822728044,244.75734812271,2,177.098358573813
2024-06-12 05.30.00.000,12,9SI,15.8486928249323,231.183349497867,2,175.186499411164
2024-06-12 06.00.00.000,20,2SI,13.9083936256962,228.319209803759,2,160.092134638368
2024-06-12 06.30.00.000,20,2SI,14.9214084905668,255.557239778388,2,172.414061245665
2024-06-12 07.00.00.000,20,2SI,17.7485641628999,288.693246879456,2,206.802504998998
2024-06-12 09.00.00.000,21,1SI,21.2753174949253,285.44854821942,2,205.631720496932
2024-06-12 14.30.00.000,3,2DI,18.8921826214028,303.007126293428,2,228.924183773794
2024-06-12 15.00.00.000,3,2DI,18.5894055074258,297.457208567987,2,225.116296635192
2024-06-12 15.30.00.000,3,2DI,18.2111983927363,290.776365052989,2,220.359761410857
2024-06-12 22.00.00.000,12,9SI,15.7492146794555,232.454764444642,2,174.020923086576
2024-06-12 22.30.00.000,12,9SI,15.5477175255057,228.682109543101,2,171.659999378259
2024-06-12 23.00.00.000,12,9SI,15.3262841194415,225.170086230677,2,169.06548442883
2024-06-12 23.30.00.000,12,9SI,14.9012848708401,220.825068953365,2,164.085807136267
2024-06-13 00.00.00.000,12,9SI,14.5676420305168,217.34075169531,2,160.176544516977
2024-06-13 00.30.00.000,12,9SI,14.3368797863938,213.480921077406,2,157.47272442595
2024-06-13 01.30.00.000,12,9SI,13.6377472565232,206.951876644164,2,149.281052570188
2024-06-13 02.00.00.000,12,9SI,12.9835079114153,201.8511251295,2,141.615390050887
2024-06-13 02.30.00.000,12,9SI,12.5109992361997,196.892804525165,2,136.079049155573
2024-06-13 03.00.00.000,12,9SI,12.1162190595817,191.759570206747,2,131.453445963266
2024-06-13 03.30.00.000,12,9SI,11.9518099721908,190.037726046858,2,129.527079735878
2024-06-13 04.00.00.000,12,9SI,11.6175906332708,191.209151530585,2,125.611062335301
2024-06-13 04.30.00.000,12,9SI,11.6791619614959,195.114533333925,2,126.332487952039
2024-06-13 04.30.00.000,10,9DI,12.0374086539908,190.17806481875,2,132.312184540503
2024-06-13 05.00.00.000,15,7SI,11.7448785895345,197.241005763247,2,139.084793983096
2024-06-13 05.00.00.000,12,9SI,12.24917758349,199.894375656144,2,133.01130881723
2024-06-13 05.00.00.000,10,9DI,12.450163282298,192.801435294971,2,137.441284973646
2024-06-13 05.30.00.000,12,9SI,13.3257774682103,203.384506778121,2,145.62573111741
2024-06-13 06.30.00.000,20,2SI,11.8439686938473,216.358887078786,2,134.981256823395
2024-06-13 07.00.00.000,20,2SI,14.6094611191729,251.33483046197,2,168.619652349063
2024-06-13 09.00.00.000,21,1SI,17.6878467160015,260.021667186139,2,166.105784015301
2024-06-13 09.30.00.000,21,1SI,20.4850166475058,287.003422992516,2,196.924365644037
2024-06-13 14.30.00.000,3,2DI,21.5677642235469,345.941315746943,2,262.573730918427
2024-06-13 15.00.00.000,3,2DI,20.6674955088905,353.661972981955,2,251.25146942119
2024-06-13 15.30.00.000,3,2DI,19.7271386413345,352.8960004723,2,239.425037843754
2024-06-13 16.00.00.000,3,2DI,19.2008356172935,342.866111447676,2,232.80596915019
2024-06-13 16.30.00.000,3,2DI,18.7464479075109,326.943982048159,2,227.091345963209
2024-06-13 17.00.00.000,3,2DI,18.2397642439834,309.71914897691,2,220.719020854671
2024-06-13 17.30.00.000,3,2DI,17.6526123088974,294.687990295908,2,213.33468366798
2024-06-13 18.00.00.000,3,2DI,17.3803608280586,282.90594486621,2,209.910703239824
2024-06-13 18.00.00.000,20,2SI,20.4193547175029,301.614459261593,2,239.288983074012
2024-06-13 22.00.00.000,12,9SI,16.7265254141711,244.944286880113,2,185.471983504815
2024-06-13 22.30.00.000,12,9SI,16.6616549238266,242.531652492737,2,184.711901907521
2024-06-14 07.30.00.000,12,9SI,14.4898215737062,217.602485049415,2,159.264729348005
2024-06-14 08.00.00.000,12,9SI,14.6865179564852,218.966222864331,2,161.569402859963
2024-06-14 20.30.00.000,12,9SI,14.4331032018671,216.418106963535,2,158.600165377015
2024-06-14 21.00.00.000,12,9SI,14.0130205674021,212.791627218534,2,153.678095602235
2024-06-14 21.30.00.000,12,9SI,13.9724020237449,211.273915172009,2,153.202171844317
2024-06-14 22.00.00.000,12,9SI,14.1550388076451,211.273915172023,2,155.342110323191
2024-06-14 22.30.00.000,12,9SI,14.080435037348,211.901692467864,2,154.467984775651
2024-06-14 23.00.00.000,12,9SI,14.0022846683598,211.975431708799,2,153.552304055893
2024-06-14 23.30.00.000,12,9SI,13.9354128708922,209.401231926327,2,152.768773326231
2024-06-16 00.30.00.000,12,9SI,12.0098298215485,187.627848010617,2,130.206892999819
2024-06-16 01.00.00.000,12,9SI,11.8973698237887,185.295111816273,2,128.889209500357
2024-06-16 04.30.00.000,15,7SI,8.30779795922896,156.58407730551,2,95.43385034702
2024-06-16 05.00.00.000,15,7SI,9.39730763178599,184.420047984979,2,109.270629411327
2024-06-16 05.00.00.000,12,9SI,11.3346341644916,178.838215449021,2,122.295687291697
2024-06-16 05.30.00.000,15,7SI,12.6721740438434,212.047130661869,2,150.861451549152
2024-06-16 06.30.00.000,20,2SI,10.1147315539796,198.337000185361,2,113.947475520704
2024-06-16 07.00.00.000,20,2SI,12.8943410857382,235.082899956265,2,147.757586146918
2024-06-16 07.30.00.000,4,3DI,10.9759166059057,175.426806452099,2,112.801343649493
2024-06-16 08.00.00.000,4,3DI,11.5935767313906,188.591619492455,2,120.297963026474
2024-06-16 08.30.00.000,4,3DI,12.558439512309,197.88711040086,2,132.008625122205
2024-06-16 13.00.00.000,8,7DI,19.71047591891,317.68931859582,2,252.217831792495
2024-06-16 13.30.00.000,8,7DI,20.6936038708655,337.941419846902,2,265.137657032617
2024-06-16 14.00.00.000,8,7DI,21.9598077177436,355.677730140115,2,281.777538329347
2024-06-16 14.30.00.000,8,7DI,23.5387050877475,364.876466554387,2,302.526697227702
2024-06-16 21.00.00.000,12,9SI,16.9727383999104,244.538348628913,2,188.356838521041
2024-06-17 00.30.00.000,12,9SI,15.6688730230662,229.008310717934,2,173.079567252925
2024-06-17 01.00.00.000,12,9SI,15.3716937871171,226.694112189342,2,169.597545348305
2024-06-17 01.30.00.000,12,9SI,15.0896477048918,224.34432192149,2,166.292837220619
2024-06-17 02.00.00.000,12,9SI,14.9471875757658,222.439090569899,2,164.623644928071
2024-06-17 02.30.00.000,12,9SI,14.8131765382986,219.722474946908,2,163.053449869081
2024-06-17 03.00.00.000,12,9SI,14.467498722948,216.327566971212,2,159.003174549046
2024-06-17 05.00.00.000,12,9SI,14.3087077818372,214.21740556949,2,157.142635627351
2024-06-17 05.30.00.000,12,9SI,14.5030036432042,217.904507713725,2,159.419182449662
2024-06-17 21.30.00.000,12,9SI,18.5882570591977,266.904639321127,2,207.285722771631
2024-06-17 22.00.00.000,12,9SI,18.4482643238784,265.272888939552,2,205.645440706458
2024-06-17 22.30.00.000,12,9SI,18.2069739012022,264.394957903879,2,202.818262911043
2024-06-17 23.00.00.000,12,9SI,17.9163387843306,262.392961036942,2,199.412917850624
2024-06-17 23.30.00.000,12,9SI,17.910724538267,259.77460890285,2,199.347136243411
2024-06-18 00.00.00.000,12,9SI,17.9635875957039,256.179957316258,2,199.966527848454
2024-06-18 01.00.00.000,12,9SI,17.506413475401,250.761094659202,2,194.609860529368
2024-06-18 01.30.00.000,12,9SI,17.4726922517358,250.450471959168,2,194.214752038433
2024-06-18 21.30.00.000,12,9SI,20.4179228509594,284.653379690616,2,228.723749370965
2024-06-18 22.00.00.000,12,9SI,20.0975730625782,282.342060456022,2,224.97024022447
2024-06-18 22.30.00.000,12,9SI,20.0155353701152,279.988237267907,2,224.009012091393
2024-06-19 03.30.00.000,12,9SI,17.921684176553,255.885963475871,2,199.475549321991
2024-06-19 04.00.00.000,12,9SI,17.7230885501893,254.397530009695,2,197.148622546803
2024-06-19 04.30.00.000,12,9SI,17.7063860429483,253.634825697163,2,196.952920798362
2024-06-19 08.30.00.000,21,1SI,20.4736569539802,285.133439377499,2,196.799207126404
2024-06-19 09.00.00.000,21,1SI,22.7624459498657,317.652422108781,2,222.01656332139
2024-06-19 09.30.00.000,21,1SI,25.1808888792846,333.829621881747,2,248.662417044925
2024-06-19 23.30.00.000,12,9SI,19.6821260524015,277.220175232287,2,220.102485635143
2024-06-20 00.00.00.000,12,9SI,19.5305726056464,275.734093478926,2,218.326747772312
2024-06-20 00.30.00.000,12,9SI,19.5068988817487,274.811390671689,2,218.049364916433
2024-06-20 02.00.00.000,12,9SI,18.9336707052127,267.373984272056,2,211.332902843743
2024-06-20 02.30.00.000,12,9SI,18.7526413798702,266.042837339676,2,209.211798809648
2024-06-20 06.00.00.000,12,9SI,17.9514484858437,256.402120300229,2,199.824295009404
2024-06-20 06.30.00.000,12,9SI,17.8402810947294,255.682486288494,2,198.521756863686
2024-06-20 07.00.00.000,12,9SI,17.7409883592159,253.990503281798,2,197.358352970666
2024-06-20 22.00.00.000,12,9SI,16.4486288907475,240.350831240567,2,182.215895377769
2024-06-21 16.00.00.000,10,9DI,15.284674820619,228.770739194736,2,172.664377246594
2024-06-22 03.00.00.000,12,9SI,13.0342892851523,198.150709404035,2,142.210390758571
2024-06-22 03.30.00.000,12,9SI,12.7116062242892,196.247878998474,2,138.429542871988
2024-06-22 04.00.00.000,12,9SI,12.8052569916562,198.138898559899,2,139.526840340685
2024-06-22 04.30.00.000,12,9SI,13.0501476417314,203.212867259866,2,142.396201670977
2024-06-22 05.00.00.000,15,7SI,11.8129354003127,209.966047748066,2,139.949115868692
2024-06-22 05.00.00.000,12,9SI,13.8910078998889,209.570894199952,2,152.248484345699
2024-06-22 16.30.00.000,4,3DI,23.6115254408185,341.952748914222,2,266.161332619795
2024-06-22 17.00.00.000,4,3DI,23.6392114750567,343.106556607815,2,266.497361533073
2024-06-22 17.30.00.000,4,3DI,24.1070320517138,337.222809310193,2,272.175359278459
2024-06-22 20.00.00.000,12,9SI,18.1637732217464,260.66831701628,2,202.312084504335
2024-06-22 20.30.00.000,12,9SI,17.5141907719272,257.585338299661,2,194.700986400852
2024-06-22 21.00.00.000,12,9SI,17.0692698443178,255.231424699084,2,189.487888618931
2024-06-22 21.30.00.000,10,9DI,15.9757862317667,235.956317345069,2,181.252481643644
2024-06-22 21.30.00.000,12,9SI,16.6895201537524,250.622447298072,2,185.038396255852
2024-06-22 22.00.00.000,10,9DI,15.6946632522225,233.185250923172,2,177.759103502592
2024-06-22 22.00.00.000,12,9SI,16.2914409226958,244.570696021275,2,180.374138344676
2024-06-22 22.30.00.000,10,9DI,15.4611098413098,230.266134129194,2,174.85684918751
2024-06-22 22.30.00.000,12,9SI,15.9641782508898,240.100262316194,2,176.539631575879
2024-06-22 23.00.00.000,10,9DI,15.2208414976581,227.643001572352,2,171.871151678681
2024-06-22 23.00.00.000,12,9SI,15.6770548784248,238.709812607913,2,173.175433303216
2024-06-22 23.30.00.000,10,9DI,15.1619959217498,227.688970526106,2,171.139906410474
2024-06-22 23.30.00.000,12,9SI,15.4030187146641,238.302225930616,2,169.964576656973
2024-06-23 00.00.00.000,12,9SI,15.0049261940886,236.76720160459,2,165.300163033719
2024-06-23 00.00.00.000,10,9DI,15.2028553014421,227.137026271535,2,171.647645991584
2024-06-23 00.30.00.000,12,9SI,14.8054969213454,234.052062484079,2,162.963468500213
2024-06-23 01.00.00.000,12,9SI,14.8748237322747,230.718770296111,2,163.775764397879
2024-06-23 01.30.00.000,12,9SI,15.0217971840232,228.098593654081,2,165.497838878458
2024-06-23 02.00.00.000,12,9SI,14.9693231184245,227.069487107404,2,164.883005055175
2024-06-23 02.30.00.000,12,9SI,14.8351386693209,225.896350756081,2,163.310778147915
2024-06-23 03.00.00.000,12,9SI,14.7582417116626,223.434193971256,2,162.409783533975
2024-06-23 03.30.00.000,12,9SI,14.7474280080483,221.432084506481,2,162.283080358585
2024-06-23 04.00.00.000,12,9SI,14.6240581500231,221.42122691015,2,160.837567025052
2024-06-23 04.30.00.000,12,9SI,14.5311482242681,221.386771028063,2,159.748949929707
2024-06-23 05.00.00.000,12,9SI,14.3204613512193,218.611729817251,2,157.280351123911
2024-06-23 05.30.00.000,12,9SI,14.2959859594013,216.869735733011,2,156.993575198392
2024-06-23 06.00.00.000,12,9SI,14.6051515522502,216.650816637328,2,160.616040149606
2024-06-24 05.30.00.000,12,9SI,14.5704365614795,217.064395206188,2,160.209287780464
2024-06-24 07.00.00.000,20,2SI,18.3620161315702,275.597956380513,2,214.264300869114
2024-06-25 04.30.00.000,12,9SI,14.5779196220151,217.521726317612,2,160.296966115779
2024-06-25 05.00.00.000,12,9SI,14.6339653791601,219.262394397237,2,160.953649121968
2024-06-25 16.30.00.000,4,3DI,24.3009715885117,339.706792572934,2,274.529228064112
2024-06-26 07.00.00.000,20,2SI,18.3138731106211,274.163223077113,2,213.678707516677
